WKT,ID,目撃痕跡種別,出没年,出没日,時刻,市町名,場所,備考,頭数,集落,集落コード,500mメッシュコード,緯度,経度,繁殖・分散行動による出没
POINT (137.243301 37.335053),2,目撃,R4,R4.3.13,18時20分頃,能登町,秋吉 アピモンド付近　貯水池脇の林の中,山中での作業からの帰り、10m先に1頭のクマを目撃。大きさは柴犬程度,1,秋吉,1.75E+09,5.64E+08,37.335053,137.243301,1
POINT (136.484501 36.272365),4,目撃,R4,R4.3.25,12時00分頃,小松市,大杉町,大杉自由広場付近にて、クマ成獣1頭を目撃。市職員2名、捕獲隊1名　周辺を確認し痕跡なし,1,下大杉町,1.72E+09,5.44E+08,36.272365,136.484501,1
POINT (136.75888 36.652706),5,目撃,R4,R4.4.3,13時30分頃,津幡町,材木地内,道路法面でクマらしきものを目撃,1,材木,1.74E+09,5.44E+08,36.652706,136.75888,1
POINT (136.748881 36.69408),8,目撃,R4,R4.4.16,11時15分頃,津幡町,谷内地内,クマらしきものを目撃,1,谷内,1.74E+09,5.54E+08,36.69408,136.748881,1
POINT (136.738619 36.679635),9,目撃,R4,R4.4.17,17時35分頃,津幡町,清水地内,道路を横断する成獣を目撃,1,清水,1.74E+09,5.54E+08,36.679635,136.738619,1
POINT (136.74879 36.69387),10,目撃,R4,R4.4.18,11時50分頃,津幡町,谷内地内,1時間の間に3回目撃情報,1,谷内,1.74E+09,5.54E+08,36.69387,136.74879,1
POINT (136.74879 36.69387),12,目撃,R4,R4.4.18,15時45分頃,津幡町,谷内地内,15分の間に3回目撃情報,1,谷内,1.74E+09,5.54E+08,36.69387,136.74879,1
POINT (136.746886 36.692909),13,目撃,R4,R4.4.18,18時10分頃,津幡町,谷内地内,森林学習展示館近くで1頭目撃,1,谷内,1.74E+09,5.54E+08,36.692909,136.746886,1
POINT (136.754885 36.706961),14,目撃,R4,R4.4.19,8時15分頃,津幡町,小熊地内,ゲート左側に1頭か2頭目撃,1,小熊,1.74E+09,5.54E+08,36.706961,136.754885,1
POINT (136.76479 36.66999),17,目撃,R4,R4.4.22,10時00分頃,津幡町,倉見地内,田んぼの山際で1頭目撃,1,倉見,1.74E+09,5.54E+08,36.66999,136.76479,1
POINT (136.764792 36.675088),18,目撃,R4,R4.4.23,9時00分頃,津幡町,倉見地内,新幹線トンネル方向に登る熊を目撃,1,倉見,1.74E+09,5.54E+08,36.675088,136.764792,1
POINT (136.75803 36.67954),19,目撃,R4,R4.4.23,16時24分頃,津幡町,倉見地内,山のほうに向かうクマを車から目撃,1,倉見,1.74E+09,5.54E+08,36.67954,136.75803,1
POINT (136.74571 36.69002),20,目撃,R4,R4.4.24,8時10分頃,津幡町,加茂地内,森林公園内で道路脇に発見,1,加茂,1.74E+09,5.54E+08,36.69002,136.74571,1
POINT (136.94675 36.96485),21,目撃,R4,R4.4.24,10時00分頃,中能登町,二宮地内,林道中山線から600m地点においてクマを目撃した。１頭、体長は不明。,1,二宮,1.74E+09,5.54E+08,36.96485,136.94675,1
POINT (136.74629 36.70838),23,目撃,R4,R4.4.24,11時50分頃,津幡町,上矢田地内,農道からかほく市方面の山に向かうクマを目撃,1,上矢田,1.74E+09,5.54E+08,36.70838,136.74629,1
POINT (136.76872 36.63856),25,目撃,R4,R4.4.27,8時30分頃,津幡町,材木地内,白山神社下でクマを目撃,1,材木,1.74E+09,5.44E+08,36.63856,136.76872,1
POINT (136.7155742 36.6163612),26,目撃,R4,R4.4.27,18時30分頃,金沢市,深谷町地内,県道213号の北側へ移動するクマ1頭（0.5ｍ程度）を目撃,1,深谷,1.72E+09,5.44E+08,36.6163612,136.7155742,1
POINT (136.733042 36.650924),28,目撃,R4,R4.5.1,16時15分頃,津幡町,太田地内,ノ１３４付近でクマ目撃,1,太田,1.74E+09,5.44E+08,36.650924,136.733042,1
POINT (136.75229 36.68142),29,目撃,R4,R4.5.2,7時50分頃,津幡町,津幡地内,森林公園津幡口付近でクマを目撃,1,津幡,1.74E+09,5.54E+08,36.68142,136.75229,1
POINT (136.87692 36.93031),30,目撃,R4,R4.5.2,16時00分頃,中能登町,高畠地内,高畠公民館より1�q地点において子熊を目撃した。1頭、体長は不明。,1,高畠,1.74E+09,5.54E+08,36.93031,136.87692,1
POINT (136.740909 36.644946),31,目撃,R4,R4.5.2,20時00分頃,津幡町,浅谷地内,バス停付近でクマ目撃,1,浅谷,1.74E+09,5.44E+08,36.644946,136.740909,1
POINT (136.87996 36.92787),32,目撃,R4,R4.5.3,7時00分頃,中能登町,高畠地内,高畠地区より1.5�q地点において熊を目撃した。1頭、体長は中型,1,高畠,1.74E+09,5.54E+08,36.92787,136.87996,1
POINT (136.798303 36.805108),35,目撃,R4,R4.5.9,7時00分頃,宝達志水町,宝達地内,林道宝達新宮線を横断する親子クマを目撃,2,宝達,1.74E+09,5.54E+08,36.805108,136.798303,1
POINT (136.826074 36.848929),39,目撃,R4,R4.5.14,18時45分頃,宝達志水町,下石地内,下石会館付近の山の中でクマを目撃。体長１ｍほど,1,下石,1.74E+09,5.54E+08,36.848929,136.826074,1
POINT (136.74965 36.67612),41,目撃,R4,R4.5.15,13時10分頃,津幡町,津幡地内,津幡町津幡でクマを目撃,1,津幡,1.74E+09,5.54E+08,36.67612,136.74965,1
POINT (136.76091 36.65737),42,目撃,R4,R4.5.15,15時20分頃,津幡町,七野地内,萩野台小学校付近でクマを目撃、他にも目撃者あり,1,七野,1.74E+09,5.44E+08,36.65737,136.76091,1
POINT (136.76484 36.66128),43,目撃,R4,R4.5.15,16時50分頃,津幡町,七野地内,津幡川から運動公園側へ行くクマを目撃,1,七野,1.74E+09,5.44E+08,36.66128,136.76484,1
POINT (136.7856141 36.6024173),44,目撃,R4,R4.5.16,10時30分頃,金沢市,竹又町地内,クマ1頭（1.5ｍ程度）を目撃,1,竹又,1.72E+09,5.44E+08,36.6024173,136.7856141,1
POINT (136.75989 36.93571),45,目撃,R4,R4.5.16,18時30分頃,羽咋市,滝町地内,蜂の巣箱に誘引されたと思われる子クマ1頭を目撃,1,滝,1.72E+09,5.54E+08,36.93571,136.75989,1
POINT (136.759334 36.676095),48,目撃,R4,R4.5.17,15時45分頃,津幡町,津幡地内,野山団地下でクマを目撃,1,津幡,1.74E+09,5.54E+08,36.676095,136.759334,1
POINT (136.761288 36.682365),49,目撃,R4,R4.5.17,16時15分頃,津幡町,倉見地内,津幡北BP倉見JCT近くでクマを目撃,1,倉見,1.74E+09,5.54E+08,36.682365,136.761288,1
POINT (136.753641 36.688352),51,目撃,R4,R4.5.18,10時30分頃,津幡町,加茂地内,ｲﾝﾌｫﾒｰｼｮﾝｾﾝﾀｰ東側林道でクマを目撃,1,加茂,1.74E+09,5.54E+08,36.688352,136.753641,1
POINT (136.740135 36.774402),52,目撃,R4,R4.5.18,15時23分頃,かほく市,長柄町,クマ１頭が道路を横切るのを通行人が目撃,1,長柄町,1.72E+09,5.54E+08,36.774402,136.740135,1
POINT (136.752089 36.693541),53,目撃,R4,R4.5.19,8時30分頃,津幡町,能瀬地内,動物園付近でクマを目撃,1,能瀬,1.74E+09,5.54E+08,36.693541,136.752089,1
POINT (136.783518 36.663042),58,目撃,R4,R4.5.20,7時00分頃,津幡町,原地内,旧集落内でクマを目撃,1,原,1.74E+09,5.44E+08,36.663042,136.783518,1
POINT (136.769784 37.032883),63,目撃,R4,R4.5.21,11時00分頃,志賀町,堀松地内,町道志賀の郷線を横断する体長１ｍほどの１頭を目撃,1,堀松,1.74E+09,5.54E+08,37.032883,136.769784,1
POINT (136.796945 37.025983),64,目撃,R4,R4.5.21,15時00分頃,志賀町,北吉田地内,県道田鶴浜堀松線を横断する体長１ｍほどの１頭を目撃,1,北吉田,1.74E+09,5.54E+08,37.025983,136.796945,1
POINT (136.3508 36.35197),66,目撃,R4,R4.5.23,4時50分頃,加賀市,潮津町地内,片山津中学校付近で子グマ1頭を目撃,1,潮津,1.72E+09,5.44E+08,36.35197,136.3508,1
POINT (136.74105 36.64488),69,目撃,R4,R4.5.24,6時30分頃,津幡町,浅谷地内,バス停付近で目撃,1,浅谷,1.74E+09,5.44E+08,36.64488,136.74105,1
POINT (136.76433 36.844678),73,目撃,R4,R4.5.26,18時30分頃,宝達志水町,宿地内,宿交差点から海側へ２００ｍほど行ったところでクマ１頭を目撃。体長１ｍほど,1,宿,1.74E+09,5.54E+08,36.844678,136.76433,1
POINT (136.76757 36.844013),74,目撃,R4,R4.5.27,7時53分頃,宝達志水町,宿地内,宿交差点付近の道路を横断するクマを目撃,1,宿,1.74E+09,5.54E+08,36.844013,136.76757,1
POINT (136.779306 36.675386),76,目撃,R4,R4.5.28,8時10分頃,津幡町,岩崎地内,揚水機場付近の農道でクマを目撃、調査で痕跡を確認,1,岩崎,1.74E+09,5.54E+08,36.675386,136.779306,1
POINT (136.748589 36.693793),77,目撃,R4,R4.5.29,9時20分頃,津幡町,谷内地内,森林公園内、津幡の森付近で公園職員がクマを目撃,1,谷内,1.74E+09,5.54E+08,36.693793,136.748589,1
POINT (136.77406 36.67505),78,目撃,R4,R4.5.29,9時40分頃,津幡町,岩崎地内,岩崎と倉見の境付近の林道でクマを目撃,1,岩崎,1.74E+09,5.54E+08,36.67505,136.77406,1
POINT (136.73637 36.67622),82,目撃,R4,R4.5.30,16時30分頃,津幡町,清水地内,清水跨線橋付近で道路脇に入るクマを目撃,1,清水,1.74E+09,5.54E+08,36.67622,136.73637,1
POINT (136.7294957 36.5786215),83,目撃,R4,R4.5.30,17時30分頃,金沢市,上涌波町地内,クマ1頭（1.0ｍ程度）を道路付近で目撃,1,上涌波,1.72E+09,5.44E+08,36.5786215,136.7294957,1
POINT (136.775046 36.865592),84,目撃,R4,R4.5.31,11時00分頃,宝達志水町,柳瀬地内,柳瀬地区と新保町との境界付近にクマを目撃,1,柳瀬,1.74E+09,5.54E+08,36.865592,136.775046,1
POINT (136.813416 37.030078),85,目撃,R4,R4.6.1,9時00分頃,志賀町,火打谷地内,西山パーキングから能登方面に向かう途中（２車線になる所）を下り車線側に横断する体長１ｍほどの１頭を目撃、痕跡等なし,1,火打谷,1.74E+09,5.54E+08,37.030078,136.813416,1
POINT (136.8822938 36.8871198),90,目撃,R4,R4.6.3,6時10分頃,羽咋市,神子原町地内,国道415号（氷見との県境付近）を走行中、茂みに入っていく子クマを目撃,1,神子原,1.72E+09,5.54E+08,36.8871198,136.8822938,1
POINT (136.767533 36.856058),91,目撃,R4,R4.6.4,16時00分頃,宝達志水町,柳瀬地内,宝達志水町柳瀬交差点から２００ｍほど海側へ行った、廃墟のホテル付近で黒い大きな動物（体長１ｍほど）を目撃したためクマではないかとのこと,1,柳瀬,1.74E+09,5.54E+08,36.856058,136.767533,1
POINT (136.75846 36.66845),92,目撃,R4,R4.6.5,10時00分頃,津幡町,倉見地内,農道にて運動公園側の山に入るクマ（小熊）を目撃,1,倉見,1.74E+09,5.54E+08,36.66845,136.75846,1
POINT (136.75445 36.67141),93,目撃,R4,R4.6.5,10時20分頃,津幡町,倉見地内,クマ1頭を目撃、通報受信後現場で痕跡を確認,1,倉見,1.74E+09,5.54E+08,36.67141,136.75445,1
POINT (136.74772 36.67908),96,目撃,R4,R4.6.6,7時30分頃,津幡町,緑ヶ丘1丁目,住宅団地内で相次いで目撃,1,津幡,1.74E+09,5.54E+08,36.67908,136.74772,1
POINT (136.748 36.68026),97,目撃,R4,R4.6.6,7時35分頃,津幡町,緑ヶ丘1丁目,住宅団地内で相次いで目撃,1,津幡,1.74E+09,5.54E+08,36.68026,136.748,1
POINT (136.74959 36.68102),98,目撃,R4,R4.6.6,7時55分頃,津幡町,緑ヶ丘２丁目,住宅団地内で相次いで目撃,1,津幡,1.74E+09,5.54E+08,36.68102,136.74959,1
POINT (136.7772 36.669061),102,目撃,R4,R4.6.8,10時45分頃,津幡町,富田チ地内,白山神社付近に逃げたクマを目撃,1,富田,1.74E+09,5.54E+08,36.669061,136.7772,1
POINT (136.871412 36.877976),103,目撃,R4,R4.6.8,15時30分頃,羽咋市,菅池町地内,県道305号を走行中、道路を横切るクマを目撃（体長約１m）,1,菅池,1.72E+09,5.54E+08,36.877976,136.871412,1
POINT (136.29843 36.34798),104,目撃,R4,R4.6.8,19時35分頃,加賀市,橋立町地内,橋立町地内でクマ1頭を目撃,1,橋立,1.72E+09,5.44E+08,36.34798,136.29843,1
POINT (136.754954 36.687991),106,目撃,R4,R4.6.9,13時10分頃,津幡町,加茂地内,森林公園中央林道で木に登っていたクマが逃げるのを目撃,1,加茂,1.74E+09,5.54E+08,36.687991,136.754954,1
POINT (136.7501321 36.6690375),107,目撃,R4,R4.6.9,15時50分頃,津幡町,杉瀬地内,杉瀬リ地内で南から北方向に向かうクマを目撃,1,杉瀬,1.74E+09,5.54E+08,36.6690375,136.7501321,1
POINT (136.757083 36.689334),110,目撃,R4,R4.6.11,12時40分頃,津幡町,森林公園内,中央林道で木に登っているクマを目撃,1,加茂,1.74E+09,5.54E+08,36.689334,136.757083,1
POINT (136.76833 36.66229),111,目撃,R4,R4.6.12,17時00分頃,津幡町,竹橋地内,倶利伽羅塾そばの津幡川で西に移動するクマを目撃,1,竹橋,1.74E+09,5.44E+08,36.66229,136.76833,1
POINT (136.7744403 36.6285283),125,目撃,R4,R4.6.18,15時30分頃,金沢市,上平町地内,クマ1頭（1.0ｍ程度）を目撃,1,上平,1.72E+09,5.44E+08,36.6285283,136.7744403,1
POINT (136.6482256 36.3200248),126,目撃,R4,R4.6.18,16時55分頃,白山市,市原地内,市原地内（旧：白山市吉野谷支所付近）でクマ１頭を目撃,1,市原,1.72E+09,5.44E+08,36.3200248,136.6482256,1
POINT (136.7596834 36.5707464),135,目撃,R4,R4.6.22,16時30分頃,金沢市,柚木町地内,小クマ1頭を目撃,1,柚木,1.72E+09,5.44E+08,36.5707464,136.7596834,1
POINT (137.047624 37.078152),141,目撃,R4,R4.6.26,13時00分頃,七尾市,大野木町地内,クマを目撃,1,大野木,1.72E+09,5.54E+08,37.078152,137.047624,1
POINT (136.7641334 36.5744547),144,目撃,R4,R4.6.26,20時00分頃,金沢市,市瀬町地内,クマ1頭（大きい）を目撃,1,市ノ瀬,1.72E+09,5.44E+08,36.5744547,136.7641334,1
POINT (136.28944 36.2727),147,目撃,R4,R4.6.28,10時45分頃,加賀市,熊坂町地内,熊坂町地内でクマ1頭を目撃,1,熊坂,1.72E+09,5.44E+08,36.2727,136.28944,1
POINT (136.754462 36.840552),150,目撃,R4,R4.6.29,18時15分頃,宝達志水町,宿地内,今浜ICから３００ｍほど山側へ行った、旧千里浜シーサイドクラブ付近でクマらしき動物を目撃したとのこと。,1,宿,1.74E+09,5.54E+08,36.840552,136.754462,1
POINT (136.28095 36.29809),154,目撃,R4,R4.7.1,8時10分頃,加賀市,三木町地内,三木町地内でクマ1頭を目撃,1,三木,1.72E+09,5.44E+08,36.29809,136.28095,1
POINT (136.739772 36.810392),159,目撃,R4,R4.7.2,11時45分頃,宝達志水町,北川尻地内,米出ICから南東約２００ｍの雑木林でクマを目撃。体長１ｍほど,1,北川尻,1.74E+09,5.54E+08,36.810392,136.739772,1
POINT (136.73633 36.67609),163,目撃,R4,R4.7.5,18時15分頃,津幡町,清水地内,清水跨線橋付近を横断するクマを目撃,1,清水,1.74E+09,5.54E+08,36.67609,136.73633,1
POINT (136.5627682 36.4389053),167,目撃,R4,R4.7.8,8時00分頃,能美市,湯屋町,湯屋町から岩内工業団地へ向かう市道を横断し、南側の山林へ入る体長1mほどのクマ1頭を目撃,1,湯屋,1.72E+09,5.44E+08,36.4389053,136.5627682,1
POINT (136.78366 36.73683),168,目撃,R4,R4.7.9,8時20分頃,津幡町,下河合地内,県道を横断するクマを目撃,1,下河合,1.74E+09,5.54E+08,36.73683,136.78366,1
POINT (136.793329 37.186373),170,目撃,R4,R4.7.9,12時00分頃,志賀町,阿川〜鵜野屋地内,主要地方道輪島・富来線を走行中、北側から姿を現し、北側に戻る成獣のクマを目撃,1,阿川,1.74E+09,5.54E+08,37.186373,136.793329,1
POINT (136.7451477 36.5931852),175,目撃,R4,R4.7.10,18時45分頃,金沢市,古屋谷町地内,小さいクマ1頭（大きさ不明）を目撃,1,古屋谷,1.72E+09,5.44E+08,36.5931852,136.7451477,1
POINT (136.548044 36.4115547),177,目撃,R4,R4.7.11,20時05分頃,能美市,仏大寺町,小松市方面から能美市方面に向かう県道の無患子トンネル手前を北から南へ横切る体長1.5mほどのクマ1頭を目撃,1,仏大寺,1.72E+09,5.44E+08,36.4115547,136.548044,1
POINT (136.77903 36.667858),180,目撃,R4,R4.7.12,19時15分頃,津幡町,竹橋地内,県道を南から北方面へ横断するクマを目撃,1,竹橋,1.74E+09,5.54E+08,36.667858,136.77903,1
POINT (136.688813 36.27794),181,目撃,R4,R4.7.13,15時30分頃,白山市,中宮地内,中宮地内でクマ１頭の目撃,1,中宮,1.72E+09,5.44E+08,36.27794,136.688813,1
POINT (136.915384 36.957072),184,目撃,R4,R4.7.16,6時30分頃,中能登町,井田地内,小クマ１頭を目撃,1,上井田,1.74E+09,5.54E+08,36.957072,136.915384,1
POINT (136.8019948 36.6874371),187,目撃,R4,R4.7.18,11時30分頃,津幡町,莇谷ト地内,莇谷ト地内の道路で、南方向の山へ入るクマ1頭を目撃,1,莇谷,1.74E+09,5.54E+08,36.6874371,136.8019948,1
POINT (136.82177 36.945328),193,目撃,R4,R4.7.30,22時00分頃,羽咋市,鹿島路町,農家が設置した監視カメラに体長1m程度のクマ1頭が映っていた,1,鹿島路,1.72E+09,5.54E+08,36.945328,136.82177,1
POINT (137.019379 37.407722),246,痕跡,R4,R4.4.9,,輪島市,尊利地町地内,山間部で木にクマのものと思われる木の皮を剥いだ痕があるのを猟友会員が発見。,,尊利地,1.72E+09,5.64E+08,37.407722,137.019379,1
POINT (136.74971 36.676),249,痕跡,R4,R4.5.15,,津幡町,津幡地内,農道で足跡を発見,,津幡,1.74E+09,5.54E+08,36.676,136.74971,1
POINT (136.6877497 36.5466711),251,痕跡,R4,R4.6.2,,金沢市,旭町1丁目地内,フンを発見,,旭町,1.72E+09,5.44E+08,36.5466711,136.6877497,1
POINT (136.6794629 36.5588443),252,痕跡,R4,R4.6.2,,金沢市,田井町地内,フンを発見,,田井町,1.72E+09,5.44E+08,36.5588443,136.6794629,1
POINT (136.759309 36.859951),253,痕跡,R4,R4.6.5,,宝達志水町,出浜地内,獣に荒らされた養蜂箱を発見。爪痕からクマであると推測,,出浜,1.74E+09,5.54E+08,36.859951,136.759309,1
POINT (136.729851 36.652621),254,痕跡,R4,R4.6.8,,津幡町,南中条地内,畑で足跡を発見,,南中条,1.74E+09,5.44E+08,36.652621,136.729851,1
POINT (136.759276 36.648372),255,痕跡,R4,R4.6.14,,津幡町,大坪地内,農道で足跡を発見,,大坪,1.74E+09,5.44E+08,36.648372,136.759276,1
POINT (136.7722269 36.8766066),265,痕跡,R5,R5.5.9,,羽咋市,粟生町地内,7：30頃　　市民が畑で足跡発見;18：00頃　市に連絡あり、現地確認;成獣（前足幅10ｃｍ、後足幅9ｃｍ、80�s程度）;足跡の方向は集落方向（東）,,粟生,1.72E+09,5.54E+08,36.8766066,136.7722269,1
POINT (136.3925037 36.26098048),269,痕跡,R5,R5.6.10,,加賀市,山中温泉四十九院町地内,カボチャ畑ののり面にクマの足跡あり。,,四十九院,1.72E+09,5.44E+08,36.26098048,136.3925037,1
POINT (136.2990281 36.32414028),270,痕跡,R5,R5.6.14,,加賀市,豊町地内,加賀フルーツランド敷地内のサクランボの木の枝が数本折られており、糞も発見された。,,黒崎,1.72E+09,5.44E+08,36.32414028,136.2990281,1
POINT (136.6882052 36.5672277),301,目撃,R5,R5.3.19,13時35分頃,金沢市,東長江町,クマ1頭（1.0ｍ程度）を金沢市卯辰山公園健康交流センター千寿閣付近で目撃,1,東長江町,1.72E+09,5.44E+08,36.5672277,136.6882052,1
POINT (136.784119 37.147394),309,目撃,R5,R5.4.21,17時05分頃,七尾市,中島町大平,熊１頭の目撃,1,中島,1.72E+09,5.54E+08,37.147394,136.784119,1
POINT (136.3776878 36.3564256),310,目撃,R5,R5.4.24,20時00分頃,加賀市,柴山町地内,柴山交差点付近で子グマ1頭を目撃,1,柴山,1.72E+09,5.44E+08,36.3564256,136.3776878,1
POINT (136.730306 36.55725),311,目撃,R5,R5.4.30,21時30分頃,金沢市,小二又町,クマ１頭の目撃,1,小二又町,1.72E+09,5.44E+08,36.55725,136.730306,1
POINT (137.033272 37.048973),314,目撃,R5,R5.5.4,16時40分頃,七尾市,沢野町,クマ１頭の目撃,1,沢野,1.72E+09,5.54E+08,37.048973,137.033272,1
POINT (136.771614 36.91417),319,目撃,R5,R5.5.16,10時30分頃,羽咋市,寺家町地内,トラック運転手（2人乗車）が運転中に目撃;海側に向かって道路を横断（体長1ｍ程度）,1,寺家,1.72E+09,5.54E+08,36.91417,136.771614,1
POINT (136.71094 37.22825),324,目撃,R5,R5.5.20,15時11分頃,輪島市,門前町馬場,農作業中に熊を見かけそのまま山の方へ上がっていったとの連絡があったと通報有。,1,門前,1.72E+09,5.54E+08,37.22825,136.71094,1
POINT (136.3498494 36.29835132),325,目撃,R5,R5.5.22,2時30分頃,加賀市,保賀町地内,保賀町地内でクマ1頭を目撃,1,保賀,1.72E+09,5.44E+08,36.29835132,136.3498494,1
POINT (136.3151461 36.30519941),343,目撃,R5,R5.6.2,23時10分頃,加賀市,大聖寺荒町地内,大聖寺荒町地内でクマ1頭を目撃,1,菅生,1.72E+09,5.44E+08,36.30519941,136.3151461,1
POINT (136.2930936 36.32358566),346,目撃,R5,R5.6.4,5時20分頃,加賀市,片野町地内,片野町地内で子グマ1頭を目撃,1,片野,1.72E+09,5.44E+08,36.32358566,136.2930936,1
POINT (136.5774368 36.4529224),351,目撃,R5,R5.6.7,7時00分頃,能美市,三ツ口町,三ツ口町公民館付近から南方に進み、健康ロードを横断して長滝町の山林へ向かう体長1mほどのクマ1頭を目撃,1,三ツ口,1.72E+09,5.44E+08,36.4529224,136.5774368,1
POINT (137.042608 37.078366),369,目撃,R5,R5.6.20,11時00分頃,七尾市,大野木町,クマ１頭の目撃,1,大野木,1.72E+09,5.54E+08,37.078366,137.042608,1
POINT (136.2903236 36.29345966),379,目撃,R5,R5.6.30,12時45分頃,加賀市,三木町地内,加賀インター付近でクマ1頭を目撃,1,三木,1.72E+09,5.44E+08,36.29345966,136.2903236,1
POINT (136.783389 36.621833),387,目撃,R5,R5.7.5,19時00分頃,金沢市,中尾町,クマ１頭の目撃,1,中尾,1.72E+09,5.44E+08,36.621833,136.783389,1
POINT (136.734835 36.804729),395,目撃,R5,R5.7.11,19時00分頃,宝達志水町,北川尻地内,クマの成獣とみられる個体;北川尻地内　海岸付近で目撃,1,北川尻,1.74E+09,5.54E+08,36.804729,136.734835,1
POINT (136.736978 36.8086),396,目撃,R5,R5.7.11,19時30分頃,宝達志水町,北川尻地内,クマの成獣とみられる個体;北川尻地内　海岸付近で目撃,1,北川尻,1.74E+09,5.54E+08,36.8086,136.736978,1
POINT (136.690432 36.57109),411,目撃,R5,R5.7.23,16時00分頃,金沢市,東長江町,クマ1頭の目撃,1,東長江町,1.72E+09,5.44E+08,36.57109,136.690432,1
POINT (136.284701 36.29542774),412,目撃,R5,R5.7.25,20時55分頃,加賀市,三木町地内,三木町地内でクマ1頭を目撃,1,三木,1.72E+09,5.44E+08,36.29542774,136.284701,1
POINT (136.65595 36.52515),558,目撃,R2,R2.4.7,5時18分頃,金沢市,金沢市山科町地内,山科町地内でクマ2頭を目撃,2,山科町,1.72E+09,5.44E+08,36.52515,136.65595,1
POINT (136.83712 36.89817),559,目撃,R2,R2.4.16,8時00分頃,羽咋市,羽咋市上白瀬町地内,上白瀬町民家より500ｍ離れた白石川上流付近でクマ１頭を目撃,1,上白瀬,1.72E+09,5.54E+08,36.89817,136.83712,1
POINT (137.05236 37.09492),569,目撃,R2,R2.5.14,6時30分頃,七尾市,七尾市鵜浦町川尻地内,岬下の岩場に熊１頭（約1.3m）発見、その後、岬の奥の山に逃げた。,1,鵜浦,1.72E+09,5.54E+08,37.09492,137.05236,1
POINT (137.04453 37.04754),571,目撃,R2,R2.5.15,6時25分頃,七尾市,七尾市庵町地内,国道１６０号線シラヤマ工業前を横断していた熊（約1m）１頭の目撃情報,1,庵,1.72E+09,5.54E+08,37.04754,137.04453,1
POINT (136.78588 36.65554),575,目撃,R2,R2.5.18,10時00分頃,津幡町,津幡町上藤又地内,車で通りかかったところ、斜面を駆け上がっていった。,1,上藤又,1.74E+09,5.44E+08,36.65554,136.78588,1
POINT (136.79311 36.86286),578,目撃,R2,R2.5.20,13時40分頃,宝達志水町,宝達志水町子浦地内,志雄小学校付近で体長約１ｍほどのクマの目撃情報,1,子浦,1.74E+09,5.54E+08,36.86286,136.79311,1
POINT (136.63274 36.34386),595,目撃,R2,R2.5.25,18時40分頃,白山市,白山市吉野地内,吉野地内でクマを目撃,1,上吉野,1.72E+09,5.44E+08,36.34386,136.63274,1
POINT (136.80994 36.73871),601,目撃,R2,R2.5.29,14時16分頃,津幡町,津幡町木ノ窪地内,イノシシ用の檻に入っていて、脱出口より抜け出して山に戻るところを目撃,1,木窪,1.74E+09,5.54E+08,36.73871,136.80994,1
POINT (136.76219 36.85964),602,目撃,R2,R2.5.29,15時30分頃,宝達志水町,宝達志水町出浜地内,出浜地区に体長約１ｍほどクマを目撃。,1,出浜,1.74E+09,5.54E+08,36.85964,136.76219,1
POINT (136.58483 36.33532),603,目撃,R2,R2.5.29,16時30分頃,白山市,白山市柳原町地内,柳原町〜相滝町間の道路で子グマを目撃,1,柳原,1.72E+09,5.44E+08,36.33532,136.58483,1
POINT (136.75577 36.85228),606,目撃,R2,R2.5.31,5時40分頃,宝達志水町,宝達志水町敷浪地内,海岸出入り口付近にて、体長約１ｍほどのクマを目撃が警察署にあり、役場に連絡があった。クマは、南側の藪の中へ入っていった。,1,敷浪,1.74E+09,5.54E+08,36.85228,136.75577,1
POINT (136.76016 36.84785),611,目撃,R2,R2.6.2,7時40分頃,宝達志水町,宝達志水町宿地内,千里浜カントリークラブ前の道路で、体長約１ｍクマを目撃。道路からゴルフ場の中へ入っていった。,1,宿,1.74E+09,5.54E+08,36.84785,136.76016,1
POINT (136.79836 36.80779),612,目撃,R2,R2.6.2,14時00分頃,宝達志水町,宝達志水町宝達地内,１頭（約1.2〜1.3ｍ）のを目撃。宝達川の中から林道北谷線を横断して山の中へ入っていった。,1,宝達,1.74E+09,5.54E+08,36.80779,136.79836,1
POINT (136.75045 36.83981),622,目撃,R2,R2.6.3,11時20分頃,宝達志水町,宝達志水町宿地内,今浜ＩＣ近くの海岸出入り口付近にて、クマを目撃;見晴台道路から雑木林の方へ入っていった,1,宿,1.74E+09,5.54E+08,36.83981,136.75045,1
POINT (136.685682 36.540346),629,目撃,R2,R2.6.3,18時20分頃,金沢市,金沢市錦町地内,クマ1頭（1ｍ程度）を辰巳用水遊歩道付近で目撃,1,錦町,1.72E+09,5.44E+08,36.540346,136.685682,1
POINT (136.684789 36.543248),630,目撃,R2,R2.6.4,5時17分頃,金沢市,金沢市小立野1丁目地内,クマ1頭を道路付近で目撃,1,上野本町,1.72E+09,5.44E+08,36.543248,136.684789,1
POINT (136.764738 36.851373),632,目撃,R2,R2.6.5,10時10分頃,宝達志水町,宝達志水町敷浪地内,やわらぎの郷周辺で海の方へ向かうのを目撃,1,敷浪,1.74E+09,5.54E+08,36.851373,136.764738,1
POINT (136.753155 36.839543),639,目撃,R2,R2.6.8,12時30分頃,宝達志水町,宝達志水町今浜地内,クマ１頭（約1m）が今浜ＩＣの東側山の方へ向かうのを目撃,1,今浜,1.74E+09,5.54E+08,36.839543,136.753155,1
POINT (136.764603 36.844709),641,目撃,R2,R2.6.9,8時15分頃,宝達志水町,宝達志水町宿地内,クマ１頭（約1m）を羽咋郡宝達志水町宿交差点より海側100m付近の町道で目撃,1,宿,1.74E+09,5.54E+08,36.844709,136.764603,1
POINT (136.7496789 36.5917457),643,目撃,R2,R2.6.10,18時45分頃,金沢市,金沢市古屋谷町地内,クマ1頭（1.0m程度）が道路横断,1,古屋谷,1.72E+09,5.44E+08,36.5917457,136.7496789,1
POINT (136.685619 36.546816),644,目撃,R2,R2.6.11,10時15分頃,金沢市,金沢市小立野2丁目地内,小グマ1頭が道路付近で目撃,1,上野本町,1.72E+09,5.44E+08,36.546816,136.685619,1
POINT (136.62424 36.34148),649,目撃,R2,R2.6.12,17時00分頃,白山市,白山市下吉谷町地内,下吉谷町地内の山側で子グマを目撃,1,下吉谷,1.72E+09,5.44E+08,36.34148,136.62424,1
POINT (136.76523 36.88483),652,目撃,R2,R2.6.14,7時06分頃,羽咋市,羽咋市千里浜町地内,１頭（約80cm）、羽咋市千里浜町地内にクマを目撃。その後、林の中に入る。,1,千里浜,1.72E+09,5.54E+08,36.88483,136.76523,1
POINT (136.76568 36.88473),653,目撃,R2,R2.6.14,15時00分頃,羽咋市,羽咋市千里浜町地内,１頭（約80cm）、羽咋市千里浜町地内にクマを目撃。その後、林の中に入る。,1,千里浜,1.72E+09,5.54E+08,36.88473,136.76568,1
POINT (136.76806 36.88369),654,目撃,R2,R2.6.15,6時15分頃,羽咋市,羽咋市千里浜町地内,のと里山海道千里浜インター付近でクマ1頭を目撃,1,千里浜,1.72E+09,5.54E+08,36.88369,136.76806,1
POINT (136.77498 36.8814),655,目撃,R2,R2.6.15,10時15分頃,羽咋市,羽咋市兵庫町と粟生町の境,国道249号線から海側へ200ｍ付近のヤブの中でクマ１頭を目撃,1,兵庫,1.72E+09,5.54E+08,36.8814,136.77498,1
POINT (136.77598 36.88006),656,目撃,R2,R2.6.15,16時15分頃,羽咋市,羽咋市粟生町地内,粟生町地内の宿泊施設付近から国道249号線を横断するクマ１頭を目撃,1,粟生,1.72E+09,5.54E+08,36.88006,136.77598,1
POINT (136.7753 36.87289),659,目撃,R2,R2.6.16,18時10分頃,羽咋市,羽咋市新保町地内,JR南羽咋駅の知子池踏切付近でクマ１頭を目撃,1,新保,1.72E+09,5.54E+08,36.87289,136.7753,1
POINT (136.62491 36.19802),663,目撃,R2,R2.6.18,7時00分頃,白山市,白山市桑島地内,桑島地内の山側で子グマ１頭を目撃,1,桑島,1.72E+09,5.44E+08,36.19802,136.62491,1
POINT (136.89874 37.33116),664,目撃,R2,R2.6.18,9時10分頃,輪島市,輪島市三井町本江地内,熊野トンネル出口から約200ｍ先のＴ字路付近を横切る子グマを目撃,1,本江・渡合,1.72E+09,5.54E+08,37.33116,136.89874,1
POINT (136.52388 36.40565),668,目撃,R2,R2.6.19,16時40分頃,小松市,小松市里川町,市道付近でクマ成獣1頭を目撃;パトロール（市職員2名、捕獲隊1名、警察官1名）;周辺を確認し痕跡あり,1,里川町,1.72E+09,5.44E+08,36.40565,136.52388,1
POINT (136.7722 36.8612),669,目撃,R2,R2.6.20,11時20分頃,宝達志水町,宝達志水町柳瀬地内,浜道踏切にてクマ1頭（約1ｍ）を目撃。目撃後の行動は不明。,1,柳瀬,1.74E+09,5.54E+08,36.8612,136.7722,1
POINT (136.60063 36.34263),672,目撃,R2,R2.6.21,21時00分頃,白山市,白山市相滝町地内,相滝町地内の墓場でクマ１頭を目撃,1,相滝,1.72E+09,5.44E+08,36.34263,136.60063,1
POINT (136.7025769 36.6279),676,目撃,R2,R2.6.23,6時15分頃,金沢市,金沢市今町地内,クマ1頭が今町インターチェンジ付近から線路方面に移動するのを目撃,1,今町,1.72E+09,5.44E+08,36.6279,136.7025769,1
POINT (136.75873 36.66318),685,目撃,R2,R2.6.25,6時30分頃,津幡町,津幡町東荒屋地内,道路を横切って線路を渡って運動公園側の山中に移動,1,東荒屋,1.74E+09,5.44E+08,36.66318,136.75873,1
POINT (136.64367 36.27338),687,目撃,R2,R2.6.27,12時40分頃,白山市,白山市東二口地内,東二口地内にある白山ふもと会の事務所周辺でクマ１頭を目撃,1,東二口,1.72E+09,5.44E+08,36.27338,136.64367,1
POINT (137.0457 36.99386),688,目撃,R2,R2.6.27,18時15分頃,七尾市,七尾市佐々波町地内,能越道50.5�q付近（佐々波町）で子熊１頭の目撃情報があった。,1,佐々波,1.72E+09,5.54E+08,36.99386,137.0457,1
POINT (136.85923 36.86329),690,目撃,R2,R2.6.29,10時10分頃,宝達志水町,宝達志水町清水原地内,一般県道氷見・志雄線沿いバス停付近にて子グマ１頭を目撃;クマは羽咋方面の山の中へ入って行った。,1,清水原,1.74E+09,5.54E+08,36.86329,136.85923,1
POINT (136.53532 36.38366),700,目撃,R2,R2.7.5,15時30分頃,小松市,小松市原町,白山町神社付近でクマ成獣1頭を目撃;パトロール（市職員2名、捕獲隊1名、警察1名）;周辺を確認し痕跡あり,1,原町,1.72E+09,5.44E+08,36.38366,136.53532,1
POINT (136.717401 36.575094),702,目撃,R2,R2.7.6,14時00分頃,金沢市,金沢市夕日寺町地内,道路付近でクマによる人身被害,1,夕日寺町,1.72E+09,5.44E+08,36.575094,136.717401,1
POINT (136.6881924 36.5681025),715,目撃,R2,R2.7.17,8時50分頃,金沢市,金沢市東長江町地内,クマ1頭（1.0ｍ程度）が道路を横断,1,東長江町,1.72E+09,5.44E+08,36.5681025,136.6881924,1
POINT (137.01809 37.12546),719,目撃,R2,R2.7.18,8時10分頃,七尾市,七尾市能登島野崎町地内,広域農道で体長約60�pのクマ１頭を目撃,1,野崎,1.72E+09,5.54E+08,37.12546,137.01809,1
POINT (136.75526 36.70494),727,目撃,R2,R2.7.20,9時30分頃,津幡町,津幡町字上矢田地内,森林公園内でクマを目撃,1,上矢田,1.74E+09,5.54E+08,36.70494,136.75526,1
POINT (136.83258 36.8479),733,目撃,R2,R2.7.23,7時40分頃,宝達志水町,宝達志水町所司原地内,所司原地内にて、クマ１頭を目撃。;クマは山の中へ入っていった。,1,所司原,1.74E+09,5.54E+08,36.8479,136.83258,1
POINT (136.43233 36.34671),1427,痕跡,R2,R2.5.14,,小松市,小松市下粟津町,下粟津町ロ16-4敷地内でクマの足跡あり;付近の町道で成獣、幼獣の足跡あり;市職員4名、捕獲隊1名、消防4名,,下粟津町,1.72E+09,5.44E+08,36.34671,136.43233,1
POINT (136.793 36.84838),1428,痕跡,R2,R2.5.19,,宝達志水町,宝達志水町荻谷地内,水田の畦にて足跡を発見,,荻谷,1.74E+09,5.54E+08,36.84838,136.793,1
POINT (136.6678468 36.5583333),1430,痕跡,R2,R2.6.7,,金沢市,金沢市飛梅町地内,建物付近でクマの足跡を発見,,上野本町,1.72E+09,5.44E+08,36.5583333,136.6678468,1
POINT (136.7767627 36.86636264),1431,痕跡,R2,R2.6.18,,宝達志水町,宝達志水町柳瀬,養蜂箱がひっくり返されているのを発見。付近に目撃されておりいるクマの犯行ではないかと推測。足跡等はなし。,,柳瀬,1.74E+09,5.54E+08,36.86636264,136.7767627,1
POINT (136.7512676 36.76542671),1677,目撃,R3,R3.3.10,8時30分,かほく市,若緑地内,親子、親は１ｍ以上。（株）ホクエツ北陸 金沢工場周辺の道路で目撃,2,若緑,1.72E+09,5.54E+08,36.76542671,136.7512676,1
POINT (136.934244 37.01597343),1678,目撃,R3,R3.3.16,10時00分頃,七尾市,下町地内,午前10時ごろ、七尾特別支援学校の駐車場で、体長約80�pの熊１頭の目撃情報,1,下,1.72E+09,5.54E+08,37.01597343,136.934244,1
POINT (136.7456465 36.5931123),1682,目撃,R3,R3.4.19,10時50分頃,金沢市,古屋谷町地内,クマ1頭（1.0ｍ程度）を道路付近で目撃,1,古屋谷,1.72E+09,5.44E+08,36.5931123,136.7456465,1
POINT (137.035886 37.079274),1683,目撃,R3,R3.4.21,8時30分頃,七尾市,湯川町地内,小クマ１頭（体長50ｃｍ）を目撃,1,湯川,1.72E+09,5.54E+08,37.079274,137.035886,1
POINT (136.8339729 37.37451545),1684,目撃,R3,R3.4.24,6時30分,輪島市,下山町地内,山間部でイノシシ檻に入っているクマを猟友会員が目撃。応援を呼ぶため一時現場を離れ、約１時間後、確認の為現場に戻った際には錯誤捕獲防止のための穴より脱出して逃げていた。,1,下山,1.72E+09,5.64E+08,37.37451545,136.8339729,1
POINT (136.73023 36.65185),1685,目撃,R3,R3.4.30,17時10分頃,津幡町,南中条地内,山際でクマ1頭を目撃,1,南中条,1.74E+09,5.44E+08,36.65185,136.73023,1
POINT (136.74719 36.66689),1686,目撃,R3,R3.5.1,8時30分頃,津幡町,杉瀬地内,旧国道8号線沿いすしべん近くでクマ１頭を目撃,1,杉瀬,1.74E+09,5.54E+08,36.66689,136.74719,1
POINT (136.75995 36.67017),1687,目撃,R3,R3.5.1,9時30分頃,津幡町,倉見地内,倉見地内にてクマ１頭を目撃後、現場確認により足跡を確認,1,倉見,1.74E+09,5.54E+08,36.67017,136.75995,1
POINT (136.685812 36.276872),1688,目撃,R3,R3.5.4,9時53分頃,白山市,中宮地内,中宮温泉スキー場内でクマ３頭を目撃,3,中宮,1.72E+09,5.44E+08,36.276872,136.685812,1
POINT (136.8692959 37.40596993),1689,目撃,R3,R3.5.4,15時頃,輪島市,光浦町地内,サイクリング中、クマと思われる動物が茂みから顔を出しているのを目撃。,1,光浦,1.72E+09,5.64E+08,37.40596993,136.8692959,1
POINT (136.8825972 37.218544),1693,目撃,R3,R3.5.8,13時00分頃,穴水町,鹿路地内,穴水町字宇留地から里山海道越の原ICへ繋がる道路（町道宇留地越の原線）でクマ１頭を目撃。（体長約1m）,1,鹿路,1.75E+09,5.54E+08,37.218544,136.8825972,1
POINT (136.8743467 37.21637813),1694,目撃,R3,R3.5.9,18時00分頃,穴水町,鹿路地内,穴水町字鹿路の住人から、家の裏でクマを見たと通報あり。（体長約1m）,1,鹿路,1.75E+09,5.54E+08,37.21637813,136.8743467,1
POINT (136.8213524 37.27831898),1695,目撃,R3,R3.5.11,15時00分頃,輪島市,門前町鑓川,農作業中の目撃者が、道路上にクマ１頭を確認。（体長約1m）,1,門前,1.72E+09,5.54E+08,37.27831898,136.8213524,1
POINT (136.7418537 37.22007021),1697,目撃,R3,R3.5.14,9時39分頃,輪島市,門前町馬渡,目撃者が車中から、クマと思われる動物が茂みに入っていくのを目撃（1頭）,1,門前,1.72E+09,5.54E+08,37.22007021,136.7418537,1
POINT (136.74747 36.68083),1698,目撃,R3,R3.5.15,21時00分頃,津幡町,緑ヶ丘地内,2丁目団地内でクマ1頭を目撃,1,津幡,1.74E+09,5.54E+08,36.68083,136.74747,1
POINT (136.7499864 36.6680407),1703,目撃,R3,R3.5.20,7時00分頃,津幡町,杉瀬地内,クマ1頭を住宅地近くで目撃、その後足跡発見,1,杉瀬,1.74E+09,5.54E+08,36.6680407,136.7499864,1
POINT (136.7313875 36.5551922),1704,目撃,R3,R3.5.21,16時50分頃,金沢市,小二又町地内,クマ1頭（1.0ｍ程度）を目撃,1,小二又町,1.72E+09,5.44E+08,36.5551922,136.7313875,1
POINT (136.790063 36.860977),1705,目撃,R3,R3.5.22,8時30分頃,宝達志水町,荻市地内,子グマらしき黒い動物が２頭道を横断した。;目撃者はバックミラーごしに見たため、本当にクマなのかは不明,2,荻市,1.74E+09,5.54E+08,36.860977,136.790063,1
POINT (136.74697 36.66686),1707,目撃,R3,R3.5.22,18時30分頃,津幡町,杉瀬地内,旧国道8号線沿いすしべん近くでクマ1頭を目撃,1,杉瀬,1.74E+09,5.54E+08,36.66686,136.74697,1
POINT (136.7994385 37.37388992),1710,目撃,R3,R3.5.24,6時00分頃,輪島市,大沢町,山菜採りに山に入った時に大小2頭目撃。,2,大沢,1.72E+09,5.64E+08,37.37388992,136.7994385,1
POINT (136.78614 36.70862),1719,目撃,R3,R3.5.28,15時00分頃,津幡町,八ノ谷,目撃後、痕跡を発見,1,八ノ谷,1.74E+09,5.54E+08,36.70862,136.78614,1
POINT (137.015373 37.128749),1726,目撃,R3,R3.6.3,9時頃,七尾市,能登島向田町寺ケ谷内地内,熊１頭の目撃,1,向田,1.72E+09,5.54E+08,37.128749,137.015373,1
POINT (136.6480879 36.65258637),1728,目撃,R3,R3.6.4,6時45分頃,内灘町,大学2丁目地内,クマ１頭を目撃,1,大根布,1.74E+09,5.44E+08,36.65258637,136.6480879,1
POINT (136.527884 36.306387),1729,目撃,R3,R3.6.4,8時30分,小松市,尾小屋町,白山神社付近にて、クマ成獣1頭を目撃。警察2名、消防、市職員2名、捕獲隊1名で周辺を確認し痕跡なし,1,尾小屋町,1.72E+09,5.44E+08,36.306387,136.527884,1
POINT (136.756738 37.145825),1732,目撃,R3,R3.6.5,不明,志賀町,東小室〜広地地内,道路横断する小熊を目撃,1,東小室,1.74E+09,5.54E+08,37.145825,136.756738,1
POINT (136.6828869 36.69536198),1733,目撃,R3,R3.6.6,5時23分頃,内灘町,室地内,車で走行中クマ１頭を目撃,1,室,1.74E+09,5.54E+08,36.69536198,136.6828869,1
POINT (136.68996 36.70176),1734,目撃,R3,R3.6.6,5時50分頃,かほく市,大崎地内,通行人がクマ１頭を目撃,1,大崎,1.72E+09,5.54E+08,36.70176,136.68996,1
POINT (136.482768 36.276374),1736,目撃,R3,R3.6.6,11時00分頃,小松市,大杉町,レクリェーション広場付近にて、クマ幼獣1頭を目撃。警察、消防、市職員2名、捕獲隊1名で周辺を確認し痕跡なし,1,下大杉町,1.72E+09,5.44E+08,36.276374,136.482768,1
POINT (136.706115 36.663474),1738,目撃,R3,R3.6.6,18時50分頃,津幡町,能瀬南から能瀬,目撃後、20分後に能瀬でも目撃,1,能瀬,1.74E+09,5.44E+08,36.663474,136.706115,1
POINT (137.216426 37.303523),1739,目撃,R3,R3.6.6,20時40分頃,能登町,小木地内,目撃者が車を運転中、真脇トンネル手前の法面に岩のようなものを発見。車を停めて眺めていると法面を登って行った。毛は黒で体長は1mほど。,1,東町,1.75E+09,5.54E+08,37.303523,137.216426,1
POINT (137.33494 37.485265),1740,目撃,R3,R3.6.7,5時42分頃,珠洲市,三崎町粟津,ガンノ池からみさき小学校方面へ運転中、クマと思われる動物が1頭道路を右から左へ横切る姿を目撃（中型犬程度の大きさ）。,1,粟津,1.72E+09,5.64E+08,37.485265,137.33494,1
POINT (136.6696889 36.6804839),1741,目撃,R3,R3.6.7,7時55分頃,内灘町,西荒屋地内,クマ１頭を目撃,1,西荒屋,1.74E+09,5.54E+08,36.6804839,136.6696889,1
POINT (136.75222 36.67945),1742,目撃,R3,R3.6.7,9時35分頃,津幡町,津幡,目撃後、山に向かっていった。,1,津幡,1.74E+09,5.54E+08,36.67945,136.75222,1
POINT (136.6684014 36.68333618),1743,目撃,R3,R3.6.7,10時15分頃,内灘町,西荒屋地内,クマ１頭を目撃,1,西荒屋,1.74E+09,5.54E+08,36.68333618,136.6684014,1
POINT (136.836587 36.861028),1744,目撃,R3,R3.6.7,10時15分頃,宝達志水町,向瀬　地内,町道向瀬所司原線を向瀬側から所司原方面へ走行中、町道を横切るクマを目撃したとのこと。体長は１ｍぐらいではないかとのこと。,1,向瀬,1.74E+09,5.54E+08,36.861028,136.836587,1
POINT (136.736174 36.6223731),1746,目撃,R3,R3.6.7,16時30分頃,金沢市,地代町地内,子グマ1頭（1.0ｍ程度）を道路付近で目撃,1,地代,1.72E+09,5.44E+08,36.6223731,136.736174,1
POINT (136.536401 36.296885),1749,目撃,R3,R3.6.8,14時15分,小松市,尾小屋町,県道大野・八幡線、農業集落排水大野地区処理場付近にて、クマ成獣1頭を目撃。市職員2名、捕獲隊1名周辺を確認し痕跡なし,1,尾小屋町,1.72E+09,5.44E+08,36.296885,136.536401,1
POINT (136.81762 36.66591),1751,目撃,R3,R3.6.9,15時30分頃,津幡町,倶利伽羅地内,クマ1頭を目撃,1,倶利伽羅,1.74E+09,5.44E+08,36.66591,136.81762,1
POINT (136.80071 36.73534),1752,目撃,R3,R3.6.9,16時15分頃,津幡町,上河合地内,国道471号線を横断,1,上河合,1.74E+09,5.54E+08,36.73534,136.80071,1
POINT (136.73502 36.68567),1757,目撃,R3,R3.6.11,10時30分頃,津幡町,庄地内,ミニボートピア津幡西側山林で警備員が目撃,1,庄,1.74E+09,5.54E+08,36.68567,136.73502,1
POINT (136.7504793 36.68903638),1758,目撃,R3,R3.6.11,16時00分頃,津幡町,舟橋地内,森林公園加茂口で通行者が目撃,1,舟橋,1.74E+09,5.54E+08,36.68903638,136.7504793,1
POINT (136.625631 36.21752),1760,目撃,R3,R3.6.13,12時40分頃,白山市,桑島地内,桑島地内でクマ１頭を目撃,1,桑島,1.72E+09,5.44E+08,36.21752,136.625631,1
POINT (136.96163 37.40464),1770,目撃,R3,R3.6.21,18時30分頃,輪島市,惣領町,惣領町と深見町の境あたりでクマらしき動物を目撃。,2,惣領,1.72E+09,5.64E+08,37.40464,136.96163,1
POINT (136.7547524 37.0537261),1771,目撃,R3,R3.6.21,20時40分頃,志賀町,赤住〜五里峠,道路を横断する親子のクマを目撃;職員によるパトロール及び近隣集落に防災無線にて周知,2,赤住,1.74E+09,5.54E+08,37.0537261,136.7547524,1
POINT (136.735 36.6855556),1772,目撃,R3,R3.6.22,19時00分頃,津幡町,庄地内,ボートピアにて発見,1,庄,1.74E+09,5.54E+08,36.6855556,136.735,1
POINT (136.2861865 36.29381731),1776,目撃,R3,R3.6.23,17時00分頃,加賀市,三木町地内,三木町地内でクマ1頭を目撃,1,三木,1.72E+09,5.44E+08,36.29381731,136.2861865,1
POINT (136.7759151 37.0510326),1783,目撃,R3,R3.6.25,17時40分頃,志賀町,牛ケ首地内,道路を横断する１ｍほどのクマを目撃;職員によるパトロール及び防災無線、タウンメールにて周知,1,牛ヶ首,1.74E+09,5.54E+08,37.0510326,136.7759151,1
POINT (136.777465 37.0457399),1784,目撃,R3,R3.6.25,18時20分頃,志賀町,大笹地内,水田の畦を歩いてるクマを目撃;109と同じ個体と思われる,1,大笹,1.74E+09,5.54E+08,37.0457399,136.777465,1
POINT (136.7461111 36.6763889),1793,目撃,R3,R3.6.28,19時15分頃,津幡町,津幡地内,子熊１頭を目撃,1,津幡,1.74E+09,5.54E+08,36.6763889,136.7461111,1
POINT (136.776567 37.2976),1798,目撃,R3,R3.6.30,5時30分頃,輪島市,門前町谷内和田,軽トラの後ろを追従している体長１ｍほどのクマを後ろから目撃。,1,門前,1.72E+09,5.54E+08,37.2976,136.776567,1
POINT (136.4040352 36.31026922),1799,目撃,R3,R3.7.1,12時05分頃,加賀市,栄谷町地内,栄谷町地内でクマ1頭を目撃,1,栄谷,1.72E+09,5.44E+08,36.31026922,136.4040352,1
POINT (136.405786 36.31187),1800,目撃,R3,R3.7.1,12時05分,小松市,那谷町,県道小松山中線付近にて、クマ幼獣1頭を目撃。市職員2名、捕獲隊1名　周辺を確認し痕跡なし,1,那谷町,1.72E+09,5.44E+08,36.31187,136.405786,1
POINT (136.643421 36.28952),1802,目撃,R3,R3.7.2,15時10分頃,白山市,瀬戸地内,瀬戸地内で子グマ１頭を目撃,1,瀬戸,1.72E+09,5.44E+08,36.28952,136.643421,1
POINT (136.875282 37.036149),1804,目撃,R3,R3.7.3,17時30分頃,七尾市,吉田ひづめ橋地内,熊１頭の目撃（前の山林から農地を横断し向の山林に入った。）,1,吉田,1.72E+09,5.54E+08,37.036149,136.875282,1
POINT (136.7477778 36.665),1806,目撃,R3,R3.7.4,18時00分頃,津幡町,東荒屋,川の土手沿いを走る子熊を目撃,1,東荒屋,1.74E+09,5.44E+08,36.665,136.7477778,1
POINT (136.77713 36.917127),1807,目撃,R3,R3.7.5,7時15分頃,羽咋市,柳田町地内,猫の目交差点付近を南側に移動する子クマ1頭を目撃,1,柳田,1.72E+09,5.54E+08,36.917127,136.77713,1
POINT (136.829998 36.779657),1808,目撃,R3,R3.7.7,14時30分頃,宝達志水町,宝達,県道７５号を横断する成獣のクマを目撃。,1,宝達,1.74E+09,5.54E+08,36.779657,136.829998,1
POINT (136.806109 37.172123),1809,目撃,R3,R3.7.8,14時23分頃,七尾市,中島町西谷内地内,熊１頭の目撃（山林で散策中に見た。）,1,西谷内,1.72E+09,5.54E+08,37.172123,136.806109,1
POINT (136.40386 36.31011),1810,目撃,R3,R3.7.8,19時45分頃,加賀市,栄谷町地内,栄谷町地内でクマ1頭を目撃,1,栄谷,1.72E+09,5.44E+08,36.31011,136.40386,1
POINT (136.715129 36.267085),1811,目撃,R3,R3.7.11,14時30分頃,白山市,尾添地内,尾添地内（一里野温泉スキー場）でクマ２頭を目撃,2,尾添,1.72E+09,5.44E+08,36.267085,136.715129,1
POINT (137.072424 37.345081),1817,目撃,R3,R3.7.13,18時00分頃,能登町,寺分地内,寺分地内の採石場周辺を穴水方面に向かい車で運転中、道路右側から左側に抜けるクマを目撃。体長は不明。毛は黒かった。,1,寺分,1.75E+09,5.64E+08,37.345081,137.072424,1
POINT (137.139393 37.298991),1818,目撃,R3,R3.7.14,17時15分頃,能登町,藤波地内,藤波地内の車で走行中、鼎建設出入り口付近で道を横断するクマを目撃。クマは海側の藪に逃げて行った。,1,藤波,1.75E+09,5.54E+08,37.298991,137.139393,1
POINT (137.120686 37.309474),1821,目撃,R3,R3.7.15,11時30分頃,能登町,藤波地内,目撃者が宇加塚から藤波へ車で走行中、50m先にクマを発見。向こうから道路右側を歩いていたが、道路の横を下って逃げて行った。,1,藤波,1.75E+09,5.54E+08,37.309474,137.120686,1
POINT (137.123883 37.323213),1822,目撃,R3,R3.7.15,14時20分頃,能登町,長坂（宇出津山分）,宇出津から柳田に向かって走行中、県道宇出津町野線（長坂）で、道路の真ん中を走って右側の山へ駆け上がっていくクマを目撃。体長は80�p〜1mほど。,1,平体,1.75E+09,5.54E+08,37.323213,137.123883,1
POINT (137.312436 37.45653),1823,目撃,R3,R3.7.15,16時30分頃,珠洲市,三崎町二本松,三崎町二本松地内にて蛸島町から正院町平床方面へ運転中、クマと思われる動物が道路を左側から右側へ横切る姿を目撃。,1,二本松,1.72E+09,5.64E+08,37.45653,137.312436,1
POINT (137.197152 37.317219),1824,目撃,R3,R3.7.15,20時55分頃,能登町,羽生地内,宇出津から小木方面に向け車を運転中、羽生地内で道路を横切るクマを目撃。,1,程谷,1.75E+09,5.54E+08,37.317219,137.197152,1
POINT (137.239241 37.368329),1825,目撃,R3,R3.7.16,7時10分頃,能登町,恋路地内,目撃者が国道249号側の畑地から恋路集会場を通る道を恋路海岸方面へ向け車で走行中、クマを発見。道路を歩いていたが、道路の左側の山へ逃げて行った。体長は1ｍ程度。,1,恋路,1.75E+09,5.64E+08,37.368329,137.239241,1
POINT (136.811382 36.865496),1826,目撃,R3,R3.7.16,9時50分頃,宝達志水町,吉野屋,広域農道志乎トンネル付近にて、体長1mほどのクマを目撃。,1,吉野屋,1.74E+09,5.54E+08,36.865496,136.811382,1
POINT (136.811382 36.865496),1827,目撃,R3,R3.7.16,14時45分頃,宝達志水町,吉野屋,広域農道志乎トンネル付近にて、体長1mほどのクマを目撃。152と同一個体と思われる。,1,吉野屋,1.74E+09,5.54E+08,36.865496,136.811382,1
POINT (136.28853 36.26473),1833,目撃,R3,R3.7.20,13時55分頃,加賀市,熊坂町地内,熊坂町地内でクマ1頭を目撃,1,熊坂,1.72E+09,5.44E+08,36.26473,136.28853,1
POINT (137.232486 37.31778),1839,目撃,R3,R3.7.26,17時00分頃,能登町,明野地内,明野地内の町道を車で移動中、道路を横断しようとするクマを目撃。クマは体長1mほどで、山へ逃げて行った。,1,明野,1.75E+09,5.54E+08,37.31778,137.232486,1
POINT (136.466975 36.338449),1841,目撃,R3,R3.7.28,18時10分,小松市,瀬領町,一般県道瀬領・粟津線付近にて、クマ成獣1頭を目撃。警察、市職員1名、捕獲隊1名　周辺を確認し痕跡なし,1,瀬領町,1.72E+09,5.44E+08,36.338449,136.466975,1
POINT (136.40448 36.31007),1843,目撃,R3,R3.7.31,8時55分頃,加賀市,栄谷町地内,栄谷町地内でクマ1頭を目撃,1,栄谷,1.72E+09,5.44E+08,36.31007,136.40448,1
POINT (137.203338 37.319953),1844,目撃,R3,R3.7.31,18時15分頃,能登町,羽生地内,羽生地内の県道を車で移動中、道路脇にクマを目撃。クマは体長1mほどで、車に気づいた後道路を横断して反対側の茂みに隠れた。,1,程谷,1.75E+09,5.54E+08,37.319953,137.203338,1
POINT (136.484646 36.371019),1907,痕跡,R3,R3.4.16,,小松市,東山町,マウンテンバイク場付近で糞を発見;市職員2名、捕獲隊1名,,東山町,1.72E+09,5.44E+08,36.371019,136.484646,1
POINT (136.6553755 36.66285864),1909,痕跡,R3,R3.6.6,,内灘町,宮坂,クマの足跡を発見,,宮坂,1.74E+09,5.44E+08,36.66285864,136.6553755,1
POINT (136.6664208 36.67845808),1910,痕跡,R3,R3.6.6,,内灘町,西荒屋,クマのフンを発見,,西荒屋,1.74E+09,5.54E+08,36.67845808,136.6664208,1
POINT (136.672657 36.68535861),1911,痕跡,R3,R3.6.6,,内灘町,西荒屋,クマの足跡を発見,,西荒屋,1.74E+09,5.54E+08,36.68535861,136.672657,1
POINT (136.6616744 36.6729978),1912,痕跡,R3,R3.6.7,,内灘町,宮坂地内,クマの足跡を発見,,宮坂,1.74E+09,5.54E+08,36.6729978,136.6616744,1
POINT (136.6729933 36.68575386),1913,痕跡,R3,R3.6.7,,内灘町,西荒屋地内,クマのフン、足跡らしきものを発見,,西荒屋,1.74E+09,5.54E+08,36.68575386,136.6729933,1
POINT (136.6729933 36.68575386),1914,痕跡,R3,R3.6.8,,内灘町,西荒屋地内,クマのフン、足跡らしきものを発見,,西荒屋,1.74E+09,5.54E+08,36.68575386,136.6729933,1
POINT (136.6749129 36.5824826),1916,痕跡,R3,R3.6.13,,金沢市,鳴和町地内,樹木の枝折れを発見,,鳴和町,1.72E+09,5.44E+08,36.5824826,136.6749129,1
POINT (136.74184 36.70016),1917,痕跡,R3,R3.6.13,,津幡町,御門,田んぼの中に足跡を確認,,御門,1.74E+09,5.54E+08,36.70016,136.74184,1
POINT (136.7619444 36.66472222),1918,痕跡,R3,R3.6.15,,津幡町,竹橋,クマの足跡を確認,,竹橋,1.74E+09,5.44E+08,36.66472222,136.7619444,1
POINT (136.7425 36.66277777),1920,痕跡,R3,R3.6.16,,津幡町,津幡町浅田,クマのフン確認,,津幡,1.74E+09,5.44E+08,36.66277777,136.7425,1
POINT (136.7261457 37.2035902),1924,痕跡,R3,R3.7.1,,志賀町,大福寺地内,糞,,大福寺,1.74E+09,5.54E+08,37.2035902,136.7261457,1
POINT (136.875282 37.036149),1925,痕跡,R3,R3.7.3,,七尾市,吉田町,一部踏み倒しの発見,,吉田,1.72E+09,5.54E+08,37.036149,136.875282,1
POINT (136.49304 36.25004),2007,目撃,R1,2019/4/18,6時58分頃,小松市,小松市大杉町地内,【人身事故】杉の子広場奥の山中で山菜採り中、クマに襲われ負傷,1,大杉本町,1.72E+09,5.44E+08,36.25004,136.49304,1
POINT (136.76902 36.62019),2011,目撃,R1,2019/5/1,8時35分頃,金沢市,金沢市南千石町地内,集落近くの県道仮生堅田線でクマ1頭を目撃,1,南千石,1.72E+09,5.44E+08,36.62019,136.76902,1
POINT (136.74234 36.64544),2014,目撃,R1,2019/5/8,10時30分頃,津幡町,津幡町浅谷地内,集落近くの山林を歩くクマ1頭（1ｍ程度）を目撃,1,浅谷,1.74E+09,5.44E+08,36.64544,136.74234,1
POINT (136.72453 36.75629),2015,目撃,R1,2019/5/10,12時20分頃,かほく市,かほく市高松地内,工場の駐車場付近から山に向かう子グマを市民らが目撃,1,内高松,1.72E+09,5.54E+08,36.75629,136.72453,1
POINT (136.71195 36.7618),2016,目撃,R1,2019/5/11,9時10分頃,かほく市,かほく市高松地内,国道高松インター東交差点付近で山の方に向かうクマ1頭（大きさ不明）を目撃,1,古宮町,1.72E+09,5.54E+08,36.7618,136.71195,1
POINT (136.78594 36.85489),2017,目撃,R1,2019/5/14,6時15分頃,宝達志水町,宝達志水町荻谷地内,家から出ようとしたところで、町道に子熊がいるところを目撃。しばらくうろうろした後、山に帰っていった,1,荻谷,1.74E+09,5.54E+08,36.85489,136.78594,1
POINT (136.62274 36.49097),2020,目撃,R1,2019/5/17,18時35分頃,白山市,白山市曽谷町地内,ゴルフ練習場山側斜面にて目撃,1,曽谷町,1.72E+09,5.44E+08,36.49097,136.62274,1
POINT (136.81738 36.74697),2022,目撃,R1,2019/5/22,14時00分頃,津幡町,津幡町牛首（木ノ窪）地内,県道津幡宮島公園線を渡る親子グマ（大きさ不明）を発見,2,木窪,1.74E+09,5.54E+08,36.74697,136.81738,1
POINT (136.51102 36.37175),2023,目撃,R1,2019/5/23,17時00分頃,小松市,小松市五国寺町地内,工場近くの山林で成獣とみられる1頭を目撃,1,五国寺町,1.72E+09,5.44E+08,36.37175,136.51102,1
POINT (136.35754 36.25688),2027,目撃,R1,2019/5/26,6時30分頃,加賀市,加賀市山中温泉長谷田町,砂防ダム付近で目撃,1,長谷田,1.72E+09,5.44E+08,36.25688,136.35754,1
POINT (136.76911 36.85038),2032,目撃,R1,2019/5/27,13時55分頃,宝達志水町,宝達志水町敷浪地内,国道249号を走行中、国道を山側から海側へ横断する子グマ１頭を目撃,1,敷浪,1.74E+09,5.54E+08,36.85038,136.76911,1
POINT (136.76021 36.86241),2034,目撃,R1,2019/5/27,19時15分頃,宝達志水町,宝達志水町柳瀬地内,のと里山海道を走行中、志雄パーキング付近にて、海側から山側に横断する子グマ１頭を目撃,1,柳瀬,1.74E+09,5.54E+08,36.86241,136.76021,1
POINT (136.76989 36.89798),2035,目撃,R1,2019/5/28,14時40分頃,羽咋市,羽咋市千里浜町地内,羽咋自動車学校付近で体長１メートルほどのクマ１頭を目撃,1,千里浜,1.72E+09,5.54E+08,36.89798,136.76989,1
POINT (136.77766 36.90137),2037,目撃,R1,2019/5/29,5時30分頃,羽咋市,羽咋市大川町地内,前日のクマと思われるクマを目撃,1,羽咋,1.72E+09,5.54E+08,36.90137,136.77766,1
POINT (136.79188 36.89894),2038,目撃,R1,2019/5/29,5時45分頃,羽咋市,羽咋市鶴多町地内,前日のクマと思われるクマを目撃,1,羽咋,1.72E+09,5.54E+08,36.89894,136.79188,1
POINT (136.80591 36.64855),2039,目撃,R1,2019/5/29,6時15分頃,津幡町,津幡町大窪地内,集落周辺でクマ1頭（0.8m）を目撃,1,大窪,1.74E+09,5.44E+08,36.64855,136.80591,1
POINT (136.79567 36.89191),2041,目撃,R1,2019/5/29,6時30分頃,羽咋市,羽咋市石野町地内,前日のクマと思われるクマを旧牛舎付近で目撃,1,石野町,1.72E+09,5.54E+08,36.89191,136.79567,1
POINT (136.77454 36.87032),2042,目撃,R1,2019/5/29,8時00分頃,羽咋市,羽咋市新保町地内,前日のクマと思われるクマを南羽咋駅周辺でJR列車乗員が目撃,1,新保,1.72E+09,5.54E+08,36.87032,136.77454,1
POINT (136.77202 36.86131),2043,目撃,R1,2019/5/29,14時30分頃,宝達志水町,宝達志水町柳瀬地内,敷浪駅から1km付近の柳瀬地内の踏切にて線路より海側にクマ１頭を目撃,1,柳瀬,1.74E+09,5.54E+08,36.86131,136.77202,1
POINT (136.77248 36.86128),2044,目撃,R1,2019/5/29,15時55分頃,宝達志水町,宝達志水町柳瀬地内,柳瀬地内の踏切より100m先の線路上にクマ１頭を目撃,1,柳瀬,1.74E+09,5.54E+08,36.86128,136.77248,1
POINT (136.27667 36.27589),2046,目撃,R1,2019/5/30,6時00分頃,加賀市,加賀市奥谷町地内,1頭を目撃,1,奥谷,1.72E+09,5.44E+08,36.27589,136.27667,1
POINT (136.49945 36.25507),2050,目撃,R1,2019/5/30,17時53分頃,小松市,小松市大杉町地内,住宅裏庭にて目撃,1,大杉上町,1.72E+09,5.44E+08,36.25507,136.49945,1
POINT (136.71867 36.49778),2051,目撃,R1,2019/5/30,18時20分頃,金沢市,金沢市瀬領町地内,鷹の巣トンネル（瀬領側）付近でクマ１頭（成獣）を目撃,1,瀬領,1.72E+09,5.44E+08,36.49778,136.71867,1
POINT (136.73812 36.79376),2058,目撃,R1,2019/6/2,17時40分頃,かほく市,かほく市二ツ屋地内,大海川橋付近で通行人がクマ１頭を目撃,1,二ツ屋,1.72E+09,5.54E+08,36.79376,136.73812,1
POINT (136.61426 36.40618),2061,目撃,R1,2019/6/3,18時40分頃,白山市,白山市瀬木野町地内,クマ１頭（成獣）を目撃、瀬木野町地内の農道を山に向かって走っていった。,1,瀬木野,1.72E+09,5.44E+08,36.40618,136.61426,1
POINT (136.67696 36.58225),2071,目撃,R1,2019/6/8,12時25分頃,金沢市,金沢市鳴和町地内,町内でクマ1頭（0.6m程度）を目撃,1,鳴和町,1.72E+09,5.44E+08,36.58225,136.67696,1
POINT (136.67457 36.58962),2072,目撃,R1,2019/6/9,5時30分頃,金沢市,金沢市鳴和1丁目地内,ハローワーク金沢付近でクマ1頭（0.6m程度）を目撃,1,鳴和町,1.72E+09,5.44E+08,36.58962,136.67457,1
POINT (136.67653 36.5832),2073,目撃,R1,2019/6/9,6時10分頃,金沢市,金沢市鳴和町地内,町内でクマ1頭（0.6m程度）を目撃,1,鳴和町,1.72E+09,5.44E+08,36.5832,136.67653,1
POINT (136.69751 36.60992),2078,目撃,R1,2019/6/9,18時29分頃,金沢市,金沢市堅田町地内,町内でクマ1頭（1.0m程度）を目撃,1,堅田,1.72E+09,5.44E+08,36.60992,136.69751,1
POINT (136.73834 36.64634),2080,目撃,R1,2019/6/11,7時00分頃,津幡町,津幡町南中条地内,浅谷方面の道路でクマ1頭（子グマ）を目撃,1,南中条,1.74E+09,5.44E+08,36.64634,136.73834,1
POINT (136.65215 36.50156),2082,目撃,R1,2019/6/11,11時00分頃,金沢市,金沢市坪野町地内,道路沿いの畑付近でクマ1頭（1.0m程度）を目撃,1,坪野町,1.72E+09,5.44E+08,36.50156,136.65215,1
POINT (136.40484 36.31331),2084,目撃,R1,2019/6/12,7時30分頃,小松市,小松市那谷町地内,かが森林組合那谷工場正門前圃場で目撃,1,那谷町,1.72E+09,5.44E+08,36.31331,136.40484,1
POINT (136.28722 36.28967),2086,目撃,R1,2019/6/12,11時00分頃,加賀市,加賀市三木町地内,加賀インター付近で目撃,1,三木,1.72E+09,5.44E+08,36.28967,136.28722,1
POINT (136.83425 36.88684),2089,目撃,R1,2019/6/12,21時00分頃,羽咋市,羽咋市福水町地内,国道415号線を車で走行中にクマ１頭を目撃,1,福水,1.72E+09,5.54E+08,36.88684,136.83425,1
POINT (136.37902 36.27755),2090,目撃,R1,2019/6/13,5時30分頃,加賀市,加賀市水田丸町地内,山代ゴルフ倶楽部付近で目撃,1,水田丸,1.72E+09,5.44E+08,36.27755,136.37902,1
POINT (136.698 36.56996),2097,目撃,R1,2019/6/14,10時30分頃,金沢市,金沢市東長江町地内,谷間でクマ１頭を目撃,1,東長江町,1.72E+09,5.44E+08,36.56996,136.698,1
POINT (136.59308 36.13512),2100,目撃,R1,2019/6/14,19時10分頃,白山市,白山市白峰地内,谷トンネル付近でクマ１頭を目撃,1,白峰,1.72E+09,5.44E+08,36.13512,136.59308,1
POINT (136.67392 36.5981),2106,目撃,R1,2019/6/16,6時43分頃,金沢市,金沢市神谷内町・疋田町地内,金腐川沿いを中心にクマ１頭(1.0m程度)の目撃多数,1,神谷内町,1.72E+09,5.44E+08,36.5981,136.67392,1
POINT (136.67202 36.59733),2107,目撃,R1,2019/6/16,6時51分頃,金沢市,金沢市三池栄町地内,ゆいの里前交差点付近でクマ１頭(1.0m程度)を目撃,1,三池町,1.72E+09,5.44E+08,36.59733,136.67202,1
POINT (136.72081 36.61412),2115,目撃,R1,2019/6/18,13時40分頃,金沢市,金沢市深谷町地内,深谷元湯バス停前の県道を西に移動するクマ2頭（親子）を目撃,2,深谷,1.72E+09,5.44E+08,36.61412,136.72081,1
POINT (136.72419 36.72947),2116,目撃,R1,2019/6/19,17時45分頃,かほく市,かほく市鉢伏地内,河北縦断道を横切るクマ１頭を通行人が目撃,1,鉢伏,1.72E+09,5.54E+08,36.72947,136.72419,1
POINT (136.34416 36.30356),2118,目撃,R1,2019/6/20,6時30分頃,加賀市,加賀市上河崎町地内,大聖寺川河川敷で目撃,1,上河崎,1.72E+09,5.44E+08,36.30356,136.34416,1
POINT (137.19754 37.3248),2122,目撃,R1,2019/6/21,14時30分頃,能登町,能登町字満泉寺地内,運転中に目撃,1,山中;満泉寺,1.75E+09,5.54E+08,37.3248,137.19754,1
POINT (136.83868 36.83554),2128,目撃,R1,2019/6/24,7時00分頃,宝達志水町,宝達志水町所司原地内,町道所司原原線を車で走行中、町道を横断するクマ１頭を目撃,1,所司原,1.74E+09,5.54E+08,36.83554,136.83868,1
POINT (136.72853 36.69806),2149,目撃,R1,2019/7/2,19時30分頃,津幡町,津幡町能瀬地内,河北縦断道を横断し山の方に向かうクマ１頭（小さい)を目撃,1,能瀬,1.74E+09,5.54E+08,36.69806,136.72853,1
POINT (136.51276 36.20594),2157,目撃,R1,2019/7/7,12時30分頃,小松市,小松市大杉町地内,【人身事故】小松市大杉町地内兜山登山中にクマに襲われた,2,大杉上町,1.72E+09,5.44E+08,36.20594,136.51276,1
POINT (136.76154 36.66714),2165,目撃,R1,2019/7/9,10時05分頃,津幡町,津幡町竹橋地内,津幡運動公園入口付近の道路から山に向かうクマ１頭（1.2m程度）を目撃,1,竹橋,1.74E+09,5.54E+08,36.66714,136.76154,1
POINT (136.3827 36.27673),2171,目撃,R1,2019/7/16,14時40分頃,加賀市,加賀市小坂町地内,山代ゴルフ倶楽部コース内で目撃,1,小坂,1.72E+09,5.44E+08,36.27673,136.3827,1
POINT (136.81591 36.66338),2172,目撃,R1,2019/7/17,20時30分頃,津幡町,津幡町倶利伽羅地内,倶利伽羅不動寺付近の県境の路上でクマ1頭（1.5m程度）を目撃,1,倶利伽羅,1.74E+09,5.44E+08,36.66338,136.81591,1
POINT (136.3583 36.25044),2176,目撃,R1,2019/7/20,15時30分頃,加賀市,加賀市山中温泉長谷田町地内,山中グリーンシティ付近にて目撃,1,長谷田,1.72E+09,5.44E+08,36.25044,136.3583,1
POINT (136.40388 36.30826),2178,目撃,R1,2019/7/20,18時50分頃,小松市,小松市那谷町地内,付近ぶどう園でぶどうを食べ、加賀市境を越えて行った,1,那谷町,1.72E+09,5.44E+08,36.30826,136.40388,1
POINT (136.74054 36.64479),2180,目撃,R1,2019/7/22,7時45分頃,津幡町,津幡町浅谷地内,県道から集落に向かう道路の斜面を上がる親子グマ（3頭）を目撃,3,浅谷,1.74E+09,5.44E+08,36.64479,136.74054,1
POINT (136.29773 36.29536),2183,目撃,R1,2019/7/25,15時30分頃,加賀市,加賀市熊坂町地内,パナソニック工場付近にて目撃,1,熊坂,1.72E+09,5.44E+08,36.29536,136.29773,1
POINT (136.78585 36.85498),2356,痕跡,R1,2019/5/14,,宝達志水町,宝達志水町荻谷地内,クマの通ったであろう痕跡を確認,,荻谷,1.74E+09,5.54E+08,36.85498,136.78585,1
POINT (136.49304 36.25004),2611,人身被害,R1,2019/4/18,6時58分頃,小松市,小松市大杉町,71歳男性が顔や胸、手を負傷。山林で山菜採り中に襲われた,成獣１頭,大杉本町,1.72E+09,5.44E+08,36.25004,136.49304,1
POINT (136.51276 36.20594),2615,人身被害,R1,2019/7/7,12時00分頃,小松市,小松市大杉町,70代男性が左側頭部をかまれ負傷。兜山で山登り中に襲われた,成獣１頭,大杉本町,1.72E+09,5.44E+08,36.20594,136.51276,1
POINT (137.16066 37.35166),2353,痕跡,R1,43575,,能登町,能登町駒渡地内,足跡（直径約18�p）が発見された,,駒渡,1.75E+09,5.64E+08,37.35166,137.16066,1
POINT (137.04367 37.09334),614,目撃,R2,43984,19時15分頃,七尾市,七尾市鵜浦町地内,松本畳付近の県道で熊１頭（約１．５０ｍ）目撃、その後、水田を横断し海岸方向の山に逃げた。,1,鵜浦,1.72E+09,5.54E+08,37.09334,137.04367,1
POINT (136.642884 36.431233),4,目撃,R6,R6.3.7,10時50分頃,白山市,三宮町地内,三宮町地内（林業試験場敷地内）にてクマ幼獣1頭の目撃,1頭,三宮町,1.72E+09,5.44E+08,36.431233,136.642884,1
POINT (136.5620584 36.3163236),5,目撃,R6,R6.4.14,16時30分頃,白山市,五十谷町地内,五十谷町地内（堂川付近）にてクマ１頭の目撃,1頭,五十谷,1.72E+09,5.44E+08,36.3163236,136.5620584,1
POINT (136.751328 36.5557128),7,目撃,R6,R6.4.22,12時30分頃,金沢市,二俣町地内,二俣町地内で子グマ1頭を目撃,1頭,二俣,1.72E+09,5.44E+08,36.5557128,136.751328,1
POINT (136.6517697 36.430832),8,目撃,R6,R6.4.28,14時10分頃,白山市,三宮町地内,三宮町地内（奥獅子吼登山道）クマ１頭;登山者受傷,1頭,三宮町,1.72E+09,5.44E+08,36.430832,136.6517697,1
POINT (136.4906702 36.4097052),9,目撃,R6,R6.4.30,2時26分,小松市,千代町,千代町集落中程の個人宅庭にて遭遇,1頭,千代町,1.72E+09,5.44E+08,36.4097052,136.4906702,1
POINT (136.44911 36.365379),10,目撃,R6,R6.5.2,19時40分,小松市,木場町,木場潟中央園地横カヌー艇庫,1頭,木場町,1.72E+09,5.44E+08,36.365379,136.44911,1
POINT (136.7628152 36.6653466),11,目撃,R6,R6.5.3,9時30分頃,津幡町,竹橋地内,竹橋地内の野球場付近で南の方角へ走っていくクマ1頭（体長1m）を目撃,1頭,竹橋,1.74E+09,5.44E+08,36.6653466,136.7628152,1
POINT (136.5533892 36.4454908),12,目撃,R6,R6.5.6,6時50分,能美市,湯屋町,能美市役所前交差点付近から南側の山林へ向かうクマ1頭の目撃。,1頭,来丸,1.72E+09,5.44E+08,36.4454908,136.5533892,1
POINT (136.741945 36.4961702),13,目撃,R6,R6.5.7,11時30分頃,金沢市,北袋町地内,北袋町地内でクマ１頭を目撃,1頭,北袋,1.72E+09,5.44E+08,36.4961702,136.741945,1
POINT (136.432121 36.328536),14,目撃,R6,R6.5.9,7時00分,小松市,上荒屋町,自生園付近の市道を横断,1頭,上荒屋町,1.72E+09,5.44E+08,36.328536,136.432121,1
POINT (136.36408 36.26722),15,目撃,R6,R6.5.9,16時50分頃,加賀市,別所町,通行人がクマ１頭を目撃,1頭,河南,1.72E+09,5.44E+08,36.26722,136.36408,1
POINT (136.443659 36.340907),17,目撃,R6,R6.5.10,7時46分,小松市,津波倉町,津波倉東交差点付近にて目撃,1頭,津波倉町,1.72E+09,5.44E+08,36.340907,136.443659,1
POINT (136.584424 36.45404),18,目撃,R6,R6.5.12,5時15分頃,能美市,宮竹町地内,宮竹小学校付近の県道小松鶴来線より北側に移動するところを目撃,1頭,宮竹,1.72E+09,5.44E+08,36.45404,136.584424,1
POINT (136.365413 36.2647302),19,目撃,R6,R6.5.13,23時00分頃,加賀市,別所町,加賀山中大橋下の大聖寺川河川敷でクマ1頭を目撃,1頭,上原,1.72E+09,5.44E+08,36.2647302,136.365413,1
POINT (136.370142 36.2318736),20,目撃,R6,R6.5.14,7時00分頃,加賀市,山中温泉菅谷町,山中温泉菅谷町地内でクマ1頭を目撃,1頭,菅谷,1.72E+09,5.44E+08,36.2318736,136.370142,1
POINT (136.731294 36.763491),21,目撃,R6,R6.5.15,5時20分頃,かほく市,内高松地内,河北縦断道路アクロス高松口交差点付近で通行人がクマ１頭を目撃,1頭,内高松,1.72E+09,5.54E+08,36.763491,136.731294,1
POINT (136.6757671 36.5038185),23,目撃,R6,R6.5.17,18時10分,金沢市,別所町地内,クマ１頭を目撃,1頭,別所,1.72E+09,5.44E+08,36.5038185,136.6757671,1
POINT (136.3126822 36.2844574),24,目撃,R6,R6.5.18,19時15分頃,加賀市,百々町地内,県道荒木・田原町線142号上でクマ1頭を目撃,1頭,百々,1.72E+09,5.44E+08,36.2844574,136.3126822,1
POINT (136.62387 36.17443),25,目撃,R6,R6.5.19,10時30分頃,白山市,白峰地内,白峰町地内（かんこ大橋付近）にてクマ1頭の目撃,1頭,白峰,1.72E+09,5.44E+08,36.17443,136.62387,1
POINT (136.8469558 36.9143319),26,目撃,R6,R6.5.19,15時00分頃,羽咋市,酒井町地内,クマ１頭（１mほど）を目撃,1頭,若部,1.72E+09,5.54E+08,36.9143319,136.8469558,1
POINT (136.3605803 36.2313472),28,目撃,R6,R6.5.20,19時20分頃,加賀市,山中温泉栢野町地内,山中温泉栢野町地内でクマ1頭を目撃,1頭,栢野,1.72E+09,5.44E+08,36.2313472,136.3605803,1
POINT (136.7063882 36.5495572),29,目撃,R6,R6.5.21,14時50分,金沢市,角間町地内,クマ１頭を目撃,1頭,角間,1.72E+09,5.44E+08,36.5495572,136.7063882,1
POINT (136.7679058 36.7918128),30,目撃,R6,R6.5.21,1７時00分頃,宝達志水町,宝達志水町坪山地内,体格・頭数等詳細不明。押水放牧場前交差点付近。,-,坪山,1.74E+09,5.54E+08,36.7918128,136.7679058,1
POINT (136.7063896 36.5495583),31,目撃,R6,R6.5.22,7時00分,金沢市,角間町地内,クマ１頭を目撃,1頭,角間,1.72E+09,5.44E+08,36.5495583,136.7063896,1
POINT (136.7063873 36.5495638),33,目撃,R6,R6.5.23,17時30分,金沢市,太陽が丘地内,クマ１頭を目撃,1頭,角間,1.72E+09,5.44E+08,36.5495638,136.7063873,1
POINT (136.7507505 36.528768),34,目撃,R6,R6.5.24,10時30分,金沢市,湯谷原町地内,犬との散歩中に１頭のクマに襲われ負傷,1頭,湯谷原,1.72E+09,5.44E+08,36.528768,136.7507505,1
POINT (136.6834985 36.5110067),37,目撃,R6,R6.5.26,10時40分,金沢市,山川町地内,クマ１頭を目撃,1頭,蓮花,1.72E+09,5.44E+08,36.5110067,136.6834985,1
POINT (136.7464355 36.5268278),38,目撃,R6,R6.5.26,13時30分,金沢市,湯谷原町地内,クマ２頭を目撃,2頭,湯谷原,1.72E+09,5.44E+08,36.5268278,136.7464355,1
POINT (136.7149207 36.5512978),39,目撃,R6,R6.5.26,16時40分,金沢市,角間町地内,クマ１頭を目撃,1頭,角間,1.72E+09,5.44E+08,36.5512978,136.7149207,1
POINT (136.7144167 36.4987864),41,目撃,R6,R6.5.27,14時50分,金沢市,上辰巳町地内,クマ１頭を目撃,1頭,上辰己,1.72E+09,5.44E+08,36.4987864,136.7144167,1
POINT (136.7464422 36.6722446),42,目撃,R6,R6.5.27,19時00分頃,津幡町,津幡地内（太白台小学校付近）,北から南へ町道を渡るクマ１頭を目撃,1頭,津幡,1.74E+09,5.54E+08,36.6722446,136.7464422,1
POINT (137.257336 37.351052),43,目撃,R6,R6.5.28,17時30分頃,能登町,能登町字布浦地内,通称赤崎いちご園の町道で１ｍ程のクマを目撃,1頭,比那,1.75E+09,5.64E+08,37.351052,137.257336,1
POINT (136.6230583 36.1764709),44,目撃,R6,R6.5.30,10時00分頃,白山市,白峰地内,白峰地内（白山工房付近）にてクマ１頭の目撃,1頭,白峰,1.72E+09,5.44E+08,36.1764709,136.6230583,1
POINT (136.73295 36.685761),46,目撃,R6,R6.5.31,9時00分頃,津幡町,津幡町舟橋地内（津幡北ﾊﾞｲﾊﾟｽ沿い）,南から北へ国道を渡るクマ１頭を目撃,1頭,舟橋,1.74E+09,5.54E+08,36.685761,136.73295,1
POINT (136.7026403 36.6159709),47,目撃,R6,R6.5.31,16時30分頃,金沢市,観法寺町地内,クマ１頭を目撃,1頭,岩出,1.72E+09,5.44E+08,36.6159709,136.7026403,1
POINT (136.729257 36.758357),49,目撃,R6,R6.5.31,16時40分頃,かほく市,内高松地内,かほく市第2給食センター付近で通行人がクマ１頭を目撃,1頭,内高松,1.72E+09,5.54E+08,36.758357,136.729257,1
POINT (136.6260745 36.1794744),51,目撃,R6,R6.6.1,14時40分頃,白山市,白峰地内,白峰地内（白峰小学校横の手取川沿い）にてクマ１頭の目撃,1頭,白峰,1.72E+09,5.44E+08,36.1794744,136.6260745,1
POINT (136.7226613 36.5342009),53,目撃,R6,R6.6.2,8時30分頃,金沢市,俵町地内,クマ１頭を目撃,1頭,俵,1.72E+09,5.44E+08,36.5342009,136.7226613,1
POINT (136.6720275 36.5143399),54,目撃,R6,R6.6.2,18時55分頃,金沢市,別所町地内,クマ２頭を目撃,2頭,別所,1.72E+09,5.44E+08,36.5143399,136.6720275,1
POINT (136.447151 36.356107),55,目撃,R6,R6.6.2,22時20分,小松市,木場町,木場町交差点から山側へ移動,1頭,木場町,1.72E+09,5.44E+08,36.356107,136.447151,1
POINT (136.7027348 36.5466402),57,目撃,R6,R6.6.3,18時40分頃,金沢市,角間町地内,クマ１頭を目撃,1頭,角間,1.72E+09,5.44E+08,36.5466402,136.7027348,1
POINT (136.9818698 36.9610718),58,目撃,R6,R6.6.4,14時00分頃,中能登町,石動山地内,中能登町石動山地内で成獣クマ１頭を目撃,1頭,石動山,1.74E+09,5.54E+08,36.9610718,136.9818698,1
POINT (136.452258 36.356184),59,目撃,R6,R6.6.4,16時10分,小松市,木場町,国道8号側道を海側から山側に移動,1頭,木場町,1.72E+09,5.44E+08,36.356184,136.452258,1
POINT (136.3651983 36.2643234),60,目撃,R6,R6.6.4,19時40分頃,加賀市,山中温泉上原町地内,(有)大島漆器店付近でクマ１頭を目撃,1頭,上原,1.72E+09,5.44E+08,36.2643234,136.3651983,1
POINT (136.991054 37.030625),61,目撃,R6,R6.6.5,13時00分頃,七尾市,万行町地内,希望の丘公園周辺でクマ１頭の目撃,1頭,万行,1.72E+09,5.54E+08,37.030625,136.991054,1
POINT (136.7228404 36.5348644),62,目撃,R6,R6.6.5,14時30分頃,金沢市,俵町地内,クマ１頭を目撃,1頭,俵,1.72E+09,5.44E+08,36.5348644,136.7228404,1
POINT (136.771457 36.692829),63,目撃,R6,R6.6.5,17時30分頃,津幡町,津幡町吉倉地内,クマらしいもの１頭（1m）を目撃（森林公園吉倉口付近貯水池横）,1頭,吉倉,1.74E+09,5.54E+08,36.692829,136.771457,1
POINT (137.022905 37.050728),64,目撃,R6,R6.6.5,17時40分頃,七尾市,殿町地内,郷橋ふれあいセンター付近でクマ１頭の目撃,1頭,殿,1.72E+09,5.54E+08,37.050728,137.022905,1
POINT (136.438801 36.335875),65,目撃,R6,R6.6.6,13時00分頃,小松市,戸津町,国道８号粟津IC付近の水田横（親子）,2頭,戸津町,1.72E+09,5.44E+08,36.335875,136.438801,1
POINT (136.6285669 36.175487),66,目撃,R6,R6.6.6,13時10分頃,白山市,白峰地内,白峰地内（白峰スキー競技場駐車場）でクマ１頭の目撃,1頭,白峰,1.72E+09,5.44E+08,36.175487,136.6285669,1
POINT (136.489128 36.382851),68,目撃,R6,R6.6.6,15時30分,小松市,花坂町,絆の森遊歩道入り口,1頭,花坂町,1.72E+09,5.44E+08,36.382851,136.489128,1
POINT (136.7025887 36.5453979),69,目撃,R6,R6.6.6,16時00分頃,金沢市,角間町地内,クマ１頭を目撃,1頭,田上,1.72E+09,5.44E+08,36.5453979,136.7025887,1
POINT (136.697053 36.6099926),72,目撃,R6,R6.6.7,4時30分頃,金沢市,堅田町地内,クマ３頭を目撃（成獣１頭、幼獣２頭）,3頭,塚崎,1.72E+09,5.44E+08,36.6099926,136.697053,1
POINT (136.6264635 36.1728128),74,目撃,R6,R6.6.8,10時00分頃,白山市,白峰地内,白峰地内（白峰河川公園手取川沿い）でクマ１頭の目撃,1頭,白峰,1.72E+09,5.44E+08,36.1728128,136.6264635,1
POINT (136.7077215 36.5363081),75,目撃,R6,R6.6.8,14時00分頃,金沢市,田上本町地内,クマ１頭を目撃,1頭,田上本,1.72E+09,5.44E+08,36.5363081,136.7077215,1
POINT (136.4277 36.33229),77,目撃,R6,R6.6.8,17時00分,小松市,二ツ梨町,上荒屋方面に向かって左から右に道路を横断,1頭,二ツ梨町,1.72E+09,5.44E+08,36.33229,136.4277,1
POINT (136.4094583 36.3275638),80,目撃,R6,R6.6.9,21時00分頃,加賀市,箱宮町地内,石川トヨペットカローラしいのき加賀店付近でクマ1頭を目撃,1頭,箱宮,1.72E+09,5.44E+08,36.3275638,136.4094583,1
POINT (136.412615 36.341529),81,目撃,R6,R6.6.9,22時53分,小松市,矢田野町,県道を南より北方向へ横断,1頭,矢田野町,1.72E+09,5.44E+08,36.341529,136.412615,1
POINT (136.505275 36.394243),83,目撃,R6,R6.6.10,7時15分,小松市,中海町,市道上に居座っていたが、南方向に移動,1頭,中海町,1.72E+09,5.44E+08,36.394243,136.505275,1
POINT (136.439052 36.336055),85,目撃,R6,R6.6.10,18時00分,小松市,戸津町,国道８号粟津IC付近の水田横（親子）,2頭,戸津町,1.72E+09,5.44E+08,36.336055,136.439052,1
POINT (136.8099044 36.8576012),86,目撃,R6,R6.6.10,18時30分〜;19時00分頃,宝達志水町,散田〜新宮地内,宝達志水町地内でクマ1頭を目撃。川を上流に向かって移動し最終的に山に帰っていった。,1頭,散田,1.74E+09,5.54E+08,36.8576012,136.8099044,1
POINT (136.8155049 36.8502869),87,目撃,R6,R6.6.10,18時30分〜;19時00分頃,宝達志水町,散田〜新宮地内,宝達志水町地内でクマ1頭を目撃。川を上流に向かって移動し最終的に山に帰っていった。,1頭,散田,1.74E+09,5.54E+08,36.8502869,136.8155049,1
POINT (136.3276321 36.2797023),91,目撃,R6,R6.6.11,15時30分頃,加賀市,直下町地内,通行人がクマ1頭を目撃,1頭,直下,1.72E+09,5.44E+08,36.2797023,136.3276321,1
POINT (136.421598 36.327059),93,目撃,R6,R6.6.11,17時40分,小松市,二ツ梨町,土場より山側へ移動（親子）,3頭,二ツ梨町,1.72E+09,5.44E+08,36.327059,136.421598,1
POINT (136.504379 36.355765),94,目撃,R6,R6.6.11,20時10分,小松市,金平町,国道から神社側へ移動,1頭,金平町,1.72E+09,5.44E+08,36.355765,136.504379,1
POINT (136.5898069 36.4328606),97,目撃,R6,R6.6.13,11時40分頃,能美市,坪野町地内,美化センター入口前の県道上にいる体長1.5mほどのクマ1頭の目撃。,1頭,坪野,1.72E+09,5.44E+08,36.4328606,136.5898069,1
POINT (136.767916 36.7918307),99,目撃,R6,R6.6.14,5時15分頃,宝達志水町,坪山地内,宝達志水町坪山区の押水放牧場の交差点付近を子熊が横切る。森本地区方向に走っていった。,1頭,坪山,1.74E+09,5.54E+08,36.7918307,136.767916,1
POINT (136.470283 36.32056),101,目撃,R6,R6.6.14,7時50分,小松市,日用町,付近の道路を横断,1頭,日用町,1.72E+09,5.44E+08,36.32056,136.470283,1
POINT (136.488114 36.387201),102,目撃,R6,R6.6.14,9時30分,小松市,吉竹町,公園内の樹木に登っていた,1頭,若杉町,1.72E+09,5.44E+08,36.387201,136.488114,1
POINT (136.6768056 36.5046119),105,目撃,R6,R6.6.14,20時00分,金沢市,別所町地内,クマ１頭を目撃,1頭,別所,1.72E+09,5.44E+08,36.5046119,136.6768056,1
POINT (136.718251 36.5484186),106,目撃,R6,R6.6.15,6時30分,金沢市,角間町地内,クマ１頭を目撃,1頭,角間,1.72E+09,5.44E+08,36.5484186,136.718251,1
POINT (136.3898165 36.2768329),107,目撃,R6,R6.6.16,18時50分頃,加賀市,柏野町地内,柏野町地内でクマ1頭を目撃,1頭,須谷,1.72E+09,5.44E+08,36.2768329,136.3898165,1
POINT (136.3690726 36.2339688),108,目撃,R6,R6.6.17,8時30分頃,加賀市,山中温泉菅谷町地内,山中温泉菅谷町地内でクマ1頭を目撃,1頭,菅谷,1.72E+09,5.44E+08,36.2339688,136.3690726,1
POINT (136.7229527 36.5346321),109,目撃,R6,R6.6.17,11時25分,金沢市,俵町地内,クマ１頭を目撃,1頭,俵,1.72E+09,5.44E+08,36.5346321,136.7229527,1
POINT (136.392718 36.3146883),110,目撃,R6,R6.6.17,14時40分頃,加賀市,松山町地内,�株�山製作所付近で子グマ2〜3頭を目撃,2〜3頭,分校,1.72E+09,5.44E+08,36.3146883,136.392718,1
POINT (136.3910765 36.3157516),111,目撃,R6,R6.6.17,18時00分頃,加賀市,分校町地内,�潟Gムケーエンジニアリング駐車場でクマ1頭を目撃,1頭,分校,1.72E+09,5.44E+08,36.3157516,136.3910765,1
POINT (136.44007 36.326361),112,目撃,R6,R6.6.17,22時10分,小松市,湯上町,民間駐車場から山側へ移動,1頭,湯上町,1.72E+09,5.44E+08,36.326361,136.44007,1
POINT (136.3610524 36.2553649),113,目撃,R6,R6.6.18,5時40分頃,加賀市,山中温泉上原町地内,山中温泉上原町地内でクマ1頭を目撃,1頭,上原,1.72E+09,5.44E+08,36.2553649,136.3610524,1
POINT (136.3277118 36.2796863),115,目撃,R6,R6.6.19,9時10分頃,加賀市,直下町地内,旧加賀市高齢者保健保養センター松風荘付近で子グマ1頭を目撃,1頭,直下,1.72E+09,5.44E+08,36.2796863,136.3277118,1
POINT (136.7408858 36.6233424),116,目撃,R6,R6.6.19,18時00分,金沢市,地代町地内,クマ１頭を目撃,1頭,地代,1.72E+09,5.44E+08,36.6233424,136.7408858,1
POINT (136.3376472 36.3057928),117,目撃,R6,R6.6.20,16時30分頃,加賀市,吸坂町地内,南郷小学校前交差点付近でクマ1頭を目撃,1頭,南郷,1.72E+09,5.44E+08,36.3057928,136.3376472,1
POINT (136.58619 36.47348),119,目撃,R6,R6.6.22,4時30分頃,白山市,矢頃島町地内,矢頃島町地内（松任グリーンパーク付近）で子グマ１頭の目撃,1頭,矢頃島,1.72E+09,5.44E+08,36.47348,136.58619,1
POINT (136.7925815 36.7874314),120,目撃,R6,R6.6.22,10時30分頃,宝達志水町,御舘地内,こぶしの路　標高300mのあたりで１頭1メートル程のクマを目撃。,1頭,東間,1.74E+09,5.54E+08,36.7874314,136.7925815,1
POINT (136.3533552 36.3254191),121,目撃,R6,R6.6.22,19時30分頃,加賀市,作見町地内,作見小学校付近でクマ1頭を目撃,1頭,作見,1.72E+09,5.44E+08,36.3254191,136.3533552,1
POINT (136.504111 36.352573),122,目撃,R6,R6.6.25,6時00分,小松市,金平町,不動橋を渡って東側へ移動,1頭,金平町,1.72E+09,5.44E+08,36.352573,136.504111,1
POINT (136.7788303 36.7998474),123,目撃,R6,R6.6.25,8時30分頃,宝達志水町,東野地内,広域農道を高松方面に歩く。,1頭,中野,1.74E+09,5.54E+08,36.7998474,136.7788303,1
POINT (136.681786 36.697696),124,目撃,R6,R6.6.25,17時00分頃,かほく市,大崎地内,一般県道高松・内灘線から大崎光宝台へ下る坂の途中付近で通行人がクマらしきもの1頭を目撃,1頭,大崎,1.72E+09,5.54E+08,36.697696,136.681786,1
POINT (136.3531131 36.3238773),126,目撃,R6,R6.6.26,7時30分頃,加賀市,作見町地内,作見地区会館付近でクマ1頭を目撃,1頭,作見,1.72E+09,5.44E+08,36.3238773,136.3531131,1
POINT (136.440197 36.329048),128,目撃,R6,R6.6.27,16時30分,小松市,南陽町,住宅街の外縁部の斜面の藪を上荒屋方面に移動,2頭,戸津町,1.72E+09,5.44E+08,36.329048,136.440197,1
POINT (136.7418037 36.5266721),129,目撃,R6,R6.6.27,18時45分,金沢市,湯谷原町,クマ１頭を目撃,1頭,湯谷原,1.72E+09,5.44E+08,36.5266721,136.7418037,1
POINT (136.529458 36.29893),130,目撃,R6,R6.6.27,20時30分,小松市,尾小屋町,民家の換気扇フードを破壊し逃走,1頭,尾小屋町,1.72E+09,5.44E+08,36.29893,136.529458,1
POINT (136.543117 36.441498),131,目撃,R6,R6.6.27,21時00分頃,能美市,緑が丘地内,緑が丘３丁目付近から辰口福祉会館方面へ向かう体長1.0ｍほどのクマ１頭の目撃,1頭,緑が丘,1.72E+09,5.44E+08,36.441498,136.543117,1
POINT (136.3660408 36.2344104),132,目撃,R6,R6.6.28,10時40分頃,加賀市,山中温泉こおろぎ町地内,湯快リゾート 花・彩朝楽の駐車場付近で子グマ１頭を目撃,1頭,山中町,1.72E+09,5.44E+08,36.2344104,136.3660408,1
POINT (136.3692727 36.2840879),133,目撃,R6,R6.6.28,15時00分頃,加賀市,山代温泉大和町地内,ビレッジハウス山代付近でクマ１頭を目撃,1頭,山代温泉,1.72E+09,5.44E+08,36.2840879,136.3692727,1
POINT (136.771638 36.759133),134,目撃,R6,R6.6.29,5時00分頃,かほく市,箕打地内,国道471号、金松工業付近で西から東に走るクマ1頭を目撃,1頭,箕打,1.72E+09,5.54E+08,36.759133,136.771638,1
POINT (136.6992222 36.517421),136,目撃,R6,R6.6.29,13時20分頃,金沢市,上辰巳町地内,クマ１頭を目撃,1頭,上中,1.72E+09,5.44E+08,36.517421,136.6992222,1
POINT (136.6274499 36.2025536),137,目撃,R6,R6.6.30,8時10分頃,白山市,桑島地内,桑島地内（恐竜パーク前国道付近）でクマ1頭の目撃,1頭,桑島,1.72E+09,5.44E+08,36.2025536,136.6274499,1
POINT (136.3820973 36.2494059),138,目撃,R6,R6.6.30,8時55分頃,加賀市,山中温泉東町地内,山中温泉東町1丁目地内でクマ1頭を目撃,1頭,山中町,1.72E+09,5.44E+08,36.2494059,136.3820973,1
POINT (136.527928 36.306432),140,目撃,R6,R6.7.1,15時25分,小松市,尾小屋町,国道416号付近の神社,1頭,二ツ屋長原,1.72E+09,5.44E+08,36.306432,136.527928,1
POINT (136.3410272 36.3205176),141,目撃,R6,R6.7.1,19時10分頃,加賀市,大菅波町地内,真宗大谷派 大聖寺教務支所付近でクマ1頭を目撃,1頭,大菅波,1.72E+09,5.44E+08,36.3205176,136.3410272,1
POINT (136.7179167 36.5610876),143,目撃,R6,R6.7.1,19時40分頃,金沢市,牧町地内,クマ１頭を目撃,1頭,牧町,1.72E+09,5.44E+08,36.5610876,136.7179167,1
POINT (136.766337 37.331211),145,目撃,R6,R6.7.2,16時00分頃,輪島市,門前町大滝町地内,大滝町地内にて子グマらしきものを目撃。,1頭,鵜山，大滝,1.72E+09,5.54E+08,37.331211,136.766337,1
POINT (136.8560712 36.9211772),146,目撃,R6,R6.7.3,７時25分頃,羽咋市,羽咋市酒井町地内,羽咋市酒井町地内（良玄寺付近）で山の方向へ行く１ｍくらいの大きさのクマ１頭を目撃,1頭,酒井,1.72E+09,5.54E+08,36.9211772,136.8560712,1
POINT (136.766337 37.331211),147,目撃,R6,R6.7.3,14時00分頃,輪島市,門前町大滝町地内,大滝町地内にて子グマらしきものを目撃。,1頭,鵜山，大滝,1.72E+09,5.54E+08,37.331211,136.766337,1
POINT (136.3069445 36.3468442),148,目撃,R6,R6.7.3,14時00分頃,加賀市,橋立町地内,加賀健康グリーンパーク付近でクマ1頭を目撃,1頭,橋立,1.72E+09,5.44E+08,36.3468442,136.3069445,1
POINT (136.3598007 36.2577367),151,目撃,R6,R6.7.3,19時40分頃,加賀市,山中温泉上原町地内,山中ふたば保育園のグラウンド付近で子グマ1頭を目撃,1頭,上原,1.72E+09,5.44E+08,36.2577367,136.3598007,1
POINT (136.770973 36.786265),152,目撃,R6,R6.7.4,6時00分頃,かほく市,野寺地内,国道471号、野寺地内から放牧場方面へ向かうクマ1頭を目撃,1頭,八野,1.72E+09,5.54E+08,36.786265,136.770973,1
POINT (136.3660764 36.2351311),153,目撃,R6,R6.7.4,14時20分頃,加賀市,山中温泉こおろぎ町地内,湯快リゾート 花・彩朝楽の駐車場付近でクマ１頭を目撃,1頭,山中町,1.72E+09,5.44E+08,36.2351311,136.3660764,1
POINT (136.8179764 36.8879061),155,目撃,R6,R6.7.4,20時05分頃,宝達志水町,杉野屋区　,杉野屋区の広域農道沿い（ヤンマー周辺）で目撃,2頭,杉野屋,1.74E+09,5.54E+08,36.8879061,136.8179764,1
POINT (136.7433319 36.671618),156,目撃,R6,R6.7.5,6時45分頃,津幡町,津幡地内（太白山神社裏付近）,南から北へ町道を渡るクマ１頭（体長約1m）を目撃,1頭,津幡,1.74E+09,5.54E+08,36.671618,136.7433319,1
POINT (136.7488613 36.6717035),157,目撃,R6,R6.7.5,7時20分頃,津幡町,倉見地内,津幡警察署が倉見側の下り坂でクマを目撃,-,倉見,1.74E+09,5.54E+08,36.6717035,136.7488613,1
POINT (136.3140521 36.2969357),158,目撃,R6,R6.7.5,9時50分頃,加賀市,熊坂町地内,�椛蜩ｯ工業敷地内でクマ1頭を目撃,1頭,熊坂,1.72E+09,5.44E+08,36.2969357,136.3140521,1
POINT (136.3690271 36.2378055),159,目撃,R6,R6.7.5,11時00分頃,加賀市,山中温泉下谷町地内,民家の庭でクマ1頭を目撃,1頭,下谷,1.72E+09,5.44E+08,36.2378055,136.3690271,1
POINT (136.3630487 36.2666939),160,目撃,R6,R6.7.5,18時00分頃,加賀市,山中温泉上原町地内,川北工房付近で親子のクマを目撃,2頭,上原,1.72E+09,5.44E+08,36.2666939,136.3630487,1
POINT (136.50395 36.352502),161,目撃,R6,R6.7.5,21時42分,小松市,金平町,国道416号付近の神社,1頭,金平町,1.72E+09,5.44E+08,36.352502,136.50395,1
POINT (136.6858326 36.5037573),162,目撃,R6,R6.7.7,20時00分頃,金沢市,山川町地内,クマ１頭を目撃,1頭,山川,1.72E+09,5.44E+08,36.5037573,136.6858326,1
POINT (136.370042 36.2353418),163,目撃,R6,R6.7.8,6時30分頃,加賀市,山中温泉菅谷町地内,旅館 お祝いの宿月物語付近でクマ1頭を目撃,1頭,菅谷,1.72E+09,5.44E+08,36.2353418,136.370042,1
POINT (136.366814 36.2341389),164,目撃,R6,R6.7.8,6時00分〜;7時00分頃,加賀市,山中温泉菅谷町地内,旅館 厨八十八付近でクマ1頭を目撃,1頭,菅谷,1.72E+09,5.44E+08,36.2341389,136.366814,1
POINT (136.3604536 36.231142),166,目撃,R6,R6.7.8,15時30分頃,加賀市,山中温泉栢野町地内,山中温泉栢野町地内でクマ1頭を目撃,1頭,栢野,1.72E+09,5.44E+08,36.231142,136.3604536,1
POINT (136.3177527 36.3264839),167,目撃,R6,R6.7.8,19時35分,加賀市,高尾町地内,高尾町地内でクマ1頭を目撃,1頭,高尾,1.72E+09,5.44E+08,36.3264839,136.3177527,1
POINT (136.3699725 36.2413593),168,目撃,R6,R6.7.9,5時40分頃,加賀市,山中温泉こおろぎ町地内,山中温泉こおろぎ町地内で子グマ1頭を目撃,1頭,山中町,1.72E+09,5.44E+08,36.2413593,136.3699725,1
POINT (136.7443889 36.5263349),169,目撃,R6,R6.7.9,13時15分頃,金沢市,小豆沢町地内,クマ１頭を目撃,1頭,湯谷原,1.72E+09,5.44E+08,36.5263349,136.7443889,1
POINT (136.3711084 36.2465349),170,目撃,R6,R6.7.9,14時40分頃,加賀市,山中温泉湯の出町地内,山中温泉湯の出町地内でクマ1頭を目撃,1頭,山中町,1.72E+09,5.44E+08,36.2465349,136.3711084,1
POINT (136.3700375 36.235343),173,目撃,R6,R6.7.9,18時00分頃,加賀市,山中温泉菅谷町,旅館 お祝いの宿月物語付近でクマ1頭を目撃,1頭,菅谷,1.72E+09,5.44E+08,36.235343,136.3700375,1
POINT (136.363231 36.2336001),174,目撃,R6,R6.7.10,11時20分頃,加賀市,山中温泉こおろぎ町地内,山中温泉こおろぎ町地内で子グマ1頭を目撃,1頭,山中町,1.72E+09,5.44E+08,36.2336001,136.363231,1
POINT (136.7520102 36.6786463),176,目撃,R6,R6.7.11,14時45分頃,津幡町,津幡ソ地内,東から西へ道を渡るクマ1頭を目撃,1頭,津幡,1.74E+09,5.54E+08,36.6786463,136.7520102,1
POINT (136.3690368 36.2339814),177,目撃,R6,R6.7.12,13時15分頃,加賀市,山中温泉菅谷町地内,鈴木クリーニング店付近でクマ1頭を目撃,1頭,菅谷,1.72E+09,5.44E+08,36.2339814,136.3690368,1
POINT (136.3716828 36.2409706),178,目撃,R6,R6.7.12,17時30分頃,加賀市,山中温泉下谷町地内,山中温泉下谷町地内でクマ1頭を目撃,1頭,下谷,1.72E+09,5.44E+08,36.2409706,136.3716828,1
POINT (136.6597306 36.3581388),180,目撃,R6,R6.7.13,10時20分頃,白山市,河内町下折地内,河内町下折地内（河内建設工事現場プレハブ事務所付近）で親子クマ2頭の目撃,1頭,金間,1.72E+09,5.44E+08,36.3581388,136.6597306,1
POINT (136.6918885 36.59628),181,目撃,R6,R6.7.15,9時15分,金沢市,神谷内町,クマ１頭を目撃,1頭,神谷内町,1.72E+09,5.44E+08,36.59628,136.6918885,1
POINT (136.772431 36.694662),183,目撃,R6,R6.7.16,18時58分頃,津幡町,吉倉地内,県道興津・刈安線で散歩中の歩行者が吉倉から笠野小方面に上るクマ１頭を目撃,1頭,吉倉,1.74E+09,5.54E+08,36.694662,136.772431,1
POINT (136.779884 36.689323),185,目撃,R6,R6.7.16,19時40分頃,津幡町,蓮花寺地内,県道莇谷・津幡線で県道を走行中の目撃者が笠野小方面から県道を横断し笠野川方面に逃げるクマ１頭を目撃。,1頭,蓮花寺,1.74E+09,5.54E+08,36.689323,136.779884,1
POINT (136.3747076 36.2444197),186,目撃,R6,R6.7.17,13時15分頃,加賀市,山中温泉河鹿町地内,道路上で子グマ1頭を目撃,1頭,山中町,1.72E+09,5.44E+08,36.2444197,136.3747076,1
POINT (136.3754747 36.2480051),187,目撃,R6,R6.7.17,13時15分頃,加賀市,山中温泉東町2丁目地内,白鷺湯たわらや旅館付近でクマ1頭を目撃,1頭,山中町,1.72E+09,5.44E+08,36.2480051,136.3754747,1
POINT (136.452462 36.355859),189,目撃,R6,R6.7.18,4時08分,小松市,木場町,国道8号木場インター山側付近,1頭,木場町,1.72E+09,5.44E+08,36.355859,136.452462,1
POINT (136.7470281 36.5986431),191,目撃,R6,R6.7.18,15時20分,金沢市,宮野町,クマ１頭を目撃,1頭,宮野,1.72E+09,5.44E+08,36.5986431,136.7470281,1
POINT (136.452502 36.355958),192,目撃,R6,R6.7.18,23時23分,小松市,木場町,国道8号木場インター山側付近,1頭,木場町,1.72E+09,5.44E+08,36.355958,136.452502,1
POINT (136.3729716 36.2433157),193,目撃,R6,R6.7.19,16時50分頃,加賀市,山中温泉下谷町地内,山中温泉下谷町地内でクマ1頭を目撃,1頭,下谷,1.72E+09,5.44E+08,36.2433157,136.3729716,1
POINT (136.3699533 36.2354728),195,目撃,R6,R6.7.20,13時30分頃,加賀市,山中温泉菅谷町地内,旅館 お祝いの宿月物語付近でクマ1頭を目撃,1頭,菅谷,1.72E+09,5.44E+08,36.2354728,136.3699533,1
POINT (136.3605076 36.256981),196,目撃,R6,R6.7.20,16時20分頃,加賀市,山中温泉上原町地内,山中温泉上原町地内で子グマ1頭を目撃,1頭,上原,1.72E+09,5.44E+08,36.256981,136.3605076,1
POINT (136.3596656 36.224677),199,目撃,R6,R6.7.22,10時30分頃,加賀市,山中温泉栢野町地内,山中浄水場付近の林道で子グマ1頭を目撃,1頭,栢野,1.72E+09,5.44E+08,36.224677,136.3596656,1
POINT (136.430055 36.308513),200,目撃,R6,R6.7.22,15時22分,小松市,菩提町,県道沿いの墓地付近,4頭,那谷町,1.72E+09,5.44E+08,36.308513,136.430055,1
POINT (136.6022261 36.4678103),201,目撃,R6,R6.7.22,16時50分頃,白山市,上森島町地内,上森島町地内（明島交差点付近）で子クマ1頭の目撃,1頭,上森島町,1.72E+09,5.44E+08,36.4678103,136.6022261,1
POINT (136.5117887 36.5050837),202,目撃,R6,R6.7.23,4時30分頃,白山市,鹿島平地内,鹿島平地内（鹿島平から阿弥陀島町へ向かう農道付近）でクマ1頭の目撃,1頭,阿弥陀島,1.72E+09,5.44E+08,36.5050837,136.5117887,1
POINT (136.785014 36.684467),203,目撃,R6,R6.7.23,9時45分頃,津幡町,宮田ニ地内,北から南へ移動するクマ１頭（体長約60cm）を目撃,1頭,宮田,1.74E+09,5.54E+08,36.684467,136.785014,1
POINT (136.496497 36.253511),205,目撃,R6,R6.7.24,10時45分,小松市,大杉町,県道沿いの納屋付近を移動,1頭,大杉本町,1.72E+09,5.44E+08,36.253511,136.496497,1
POINT (136.700647 36.1146771),206,目撃,R6,R6.7.24,14時35分頃,白山市,白峰地内,白峰地内（一ノ瀬ビジターセンター付近）でクマ１頭の目撃,1頭,河内谷,1.72E+09,5.44E+08,36.1146771,136.700647,1
POINT (136.438513 36.336371),207,目撃,R6,R6.7.24,16時00分,小松市,戸津町,国道８号粟津インターチェンジ付近を移動,1頭,戸津町,1.72E+09,5.44E+08,36.336371,136.438513,1
POINT (136.3722877 36.2406834),208,目撃,R6,R6.7.24,18時50分頃,加賀市,山中温泉下谷町地内,無限庵の庭園内でクマ1頭を目撃,1頭,下谷,1.72E+09,5.44E+08,36.2406834,136.3722877,1
POINT (136.557194 36.419639),209,目撃,R6,R6.7.24,19時10分頃,能美市,鍋谷町地内,下水処理場から舘町方面の山林へ向かう体長1.0ｍほどのクマ1頭の目撃,1頭,口鍋谷,1.72E+09,5.44E+08,36.419639,136.557194,1
POINT (136.5455044 36.5331485),210,目撃,R6,R6.7.25,12時00分頃,白山市,平木町地内,平木町地内（平木町第１公園付近）でクマ1頭の目撃,1頭,平木,1.72E+09,5.44E+08,36.5331485,136.5455044,1
POINT (136.3583029 36.2647763),211,目撃,R6,R6.7.25,18時40分頃,加賀市,山中温泉長谷田町地内,山中温泉長谷田町会館付近でクマ1頭を目撃,1頭,長谷田,1.72E+09,5.44E+08,36.2647763,136.3583029,1
POINT (136.455427 36.324533),212,目撃,R6,R6.7.28,8時00分,小松市,牧口町,田んぼ側から山側へ移動,1頭,牧口町,1.72E+09,5.44E+08,36.324533,136.455427,1
POINT (136.3691046 36.2394792),213,目撃,R6,R6.7.28,20時50分頃,加賀市,山中温泉こおろぎ町地内,山中温泉こおろぎ町交差点付近で子グマ1頭を目撃,1頭,山中町,1.72E+09,5.44E+08,36.2394792,136.3691046,1
POINT (136.3167028 36.2993735),423,痕跡,R6,R6.5.15,,加賀市,細坪町地内,大同工業�鰍ﾌ敷地内にクマの糞あり。,,細坪,1.72E+09,5.44E+08,36.2993735,136.3167028,1
POINT (136.521833 36.448056),424,痕跡,R6,R6.5.23,,能美市,高座町地内,クマの足跡が発見,,高座,1.72E+09,5.44E+08,36.448056,136.521833,1
POINT (136.7011955 36.6052725),425,痕跡,R6,R6.5.24,,金沢市,月浦町,クマの足跡を確認,,月浦,1.72E+09,5.44E+08,36.6052725,136.7011955,1
POINT (136.3948919 36.2692285),426,痕跡,R6,R6.5.27,,加賀市,塔尾町地内,住宅横の小屋のトタンが壊され、保管してあった米の袋も破られ、荒らされた形跡あり。トタンや板が刺さったと思われる血痕もあり。,,塔尾,1.72E+09,5.44E+08,36.2692285,136.3948919,1
POINT (137.257336 37.351052),427,痕跡,R6,R6.5.29,,能登町,能登町布浦地内,親子２頭の足跡を確認。;近くにハチクの餌場あり。,,比那,1.75E+09,5.64E+08,37.351052,137.257336,1
POINT (137.184827 37.437811),430,痕跡,R6,R6.6.7,,珠洲市,珠洲市若山町南山地内,林道南山線の地震被害調査中に足跡を発見,,宗末,1.72E+09,5.64E+08,37.437811,137.184827,1
POINT (136.4076805 36.3300971),431,痕跡,R6,R6.6.10,,加賀市,箱宮町地内,住宅裏の畑にクマの足跡あり。,,箱宮,1.72E+09,5.44E+08,36.3300971,136.4076805,1
POINT (136.7318236 36.5694557),432,痕跡,R6,R6.6.14,,金沢市,釣部町地内,糞を確認,,釣部町,1.72E+09,5.44E+08,36.5694557,136.7318236,1
POINT (136.346441 36.3204021),434,痕跡,R6,R6.7.2,,加賀市,小菅波町地内,子安神社の建物にクマの引っ?いた跡や、建物の木材がはがされ、荒らされた形跡があり。,,小菅波,1.72E+09,5.44E+08,36.3204021,136.346441,1
POINT (136.3322427 36.2791425),435,痕跡,R6,R6.7.16,,加賀市,日谷町地内,中島鉄工所付近の畑にクマの糞あり。,,日谷,1.72E+09,5.44E+08,36.2791425,136.3322427,1
