WKT,ID,目撃痕跡種別,出没年,出没日,時刻,市町名,場所,備考,頭数,集落,集落コード,500mメッシュコード,緯度,経度,誘引物が原因の出没,誘引物と考えられるもの
POINT (136.75989 36.93571),45,目撃,R4,R4.5.16,18時30分頃,羽咋市,滝町地内,蜂の巣箱に誘引されたと思われる子クマ1頭を目撃,1,滝,1.72E+09,5.54E+08,36.93571,136.75989,1,はちみつ
POINT (136.31639 36.32414),68,目撃,R4,R4.5.23,19時00分頃,加賀市,大聖寺畑山町地内,畑町北交差点付近でクマ1頭を目撃,1,畑,1.72E+09,5.44E+08,36.32414,136.31639,1,農作物
POINT (136.759309 36.859951),253,痕跡,R4,R4.6.5,,宝達志水町,出浜地内,獣に荒らされた養蜂箱を発見。爪痕からクマであると推測,,出浜,1.74E+09,5.54E+08,36.859951,136.759309,1,はちみつ
POINT (136.6809647 36.5245008),259,痕跡,R4,R4.9.10,,金沢市,大桑町地内,果樹被害,,大桑,1.72E+09,5.44E+08,36.5245008,136.6809647,1,果樹
POINT (136.7465833 36.64233333),260,痕跡,R4,R4.10.12,,津幡町,浅谷地内,集落付近でクマの足跡とカキを食べた跡を確認,,浅谷,1.74E+09,5.44E+08,36.64233333,136.7465833,1,カキ
POINT (136.3925037 36.26098048),269,痕跡,R5,R5.6.10,,加賀市,山中温泉四十九院町地内,カボチャ畑ののり面にクマの足跡あり。,,四十九院,1.72E+09,5.44E+08,36.26098048,136.3925037,1,農作物
POINT (136.2990281 36.32414028),270,痕跡,R5,R5.6.14,,加賀市,豊町地内,加賀フルーツランド敷地内のサクランボの木の枝が数本折られており、糞も発見された。,,黒崎,1.72E+09,5.44E+08,36.32414028,136.2990281,1,さくらんぼ
POINT (136.4220517 36.25388453),277,痕跡,R5,R5.9.20,,加賀市,山中温泉荒谷町地内,石川県内水面水産センター敷地内でクマの糞とクルミの木の実を捕食した痕跡あり。,,荒谷,1.72E+09,5.44E+08,36.25388453,136.4220517,1,クルミ
POINT (136.6326435 36.4127618),281,痕跡,R5,R5.10.17,,白山市,中島町地内,集落内にカキを食べた跡、糞を確認,,中島町,1.72E+09,5.44E+08,36.4127618,136.6326435,1,カキ
POINT (136.8661146 36.93012345),286,痕跡,R5,R5.10.29,,羽咋市,大町地内,9：20　大町町会長から市に連絡あり（住民がキノコ採りの最中、林道大町線付近の樹木に痕跡発見）10：50　市職員、現地確認。樹木の中の空洞部分の蜂巣を採ろうと、木の側面を割き、穴?,,大町,1.72E+09,5.54E+08,36.93012345,136.8661146,1,はちみつ
POINT (136.8661146 36.93012345),287,痕跡,R5,R5.10.29,,羽咋市,大町地内,9：20　大町町会長から市に連絡あり（住民がキノコ採りの最中、林道大町線付近の樹木に痕跡発見）;10：50　市職員、現地確認;樹木の中の空洞部分の蜂巣を採ろうと、木の側面を割き、穴??,,大町,1.72E+09,5.54E+08,36.93012345,136.8661146,1,はちみつ
POINT (136.593329 36.3641868),288,痕跡,R5,R5.10.30,,白山市,三坂町地内,集落内畑の柿の木にクマが登った痕跡,,三坂,1.72E+09,5.44E+08,36.3641868,136.593329,1,カキ
POINT (136.7631 36.800126),289,痕跡,R5,R5.11.4,,宝達志水町,正友,放置果実を食べた痕跡;柿の木に爪痕,,正友,1.74E+09,5.54E+08,36.800126,136.7631,1,カキ
POINT (136.814698 36.832984),290,痕跡,R5,R5.11.5,,宝達志水町,針山,放置果実を食べた痕跡;柿の木に爪痕,,針山,1.74E+09,5.54E+08,36.832984,136.814698,1,カキ
POINT (136.777679 36.791268),291,痕跡,R5,R5.11.6,,宝達志水町,東間,放置果実を食べた痕跡;柿の木に爪痕,,東間,1.74E+09,5.54E+08,36.791268,136.777679,1,カキ
POINT (136.3893214 36.31274069),292,痕跡,R5,R5.11.6,,加賀市,松山町地内,畑に足跡を発見。畑の近隣宅の干し柿に食害あり。,,松山,1.72E+09,5.44E+08,36.31274069,136.3893214,1,カキ
POINT (136.3115739 36.28812634),293,痕跡,R5,R5.11.6,,加賀市,細坪町地内,集会場裏の柿の木の枝が折られており、そばに糞もあり。,,細坪,1.72E+09,5.44E+08,36.28812634,136.3115739,1,カキ
POINT (136.766354 36.816711),295,痕跡,R5,R5.11.8,,宝達志水町,門前,放置果実を食べた痕跡;柿の木に爪痕,,門前,1.74E+09,5.54E+08,36.816711,136.766354,1,カキ
POINT (136.6053956 36.3453417),296,痕跡,R5,R5.11.9,,白山市,相滝町地内,集落内畑の柿の木にクマが来ている痕跡,,相滝,1.72E+09,5.44E+08,36.3453417,136.6053956,1,カキ
POINT (136.762431 36.79283969),297,痕跡,R5,R5.11.21,,宝達志水町,坪山,放置果実を食べた痕跡・糞の発見;柿の木に爪痕,,坪山,1.74E+09,5.54E+08,36.79283969,136.762431,1,カキ
POINT (136.815237 36.860014),298,痕跡,R5,R5.11.26,,宝達志水町,石坂,放置果実を食べた痕跡;柿の木に爪痕,,石坂,1.74E+09,5.54E+08,36.860014,136.815237,1,カキ
POINT (136.697556 36.521056),382,目撃,R5,R5.7.2,8時15分頃,金沢市,舘町,クマ１頭の目撃,1,舘町,1.72E+09,5.44E+08,36.521056,136.697556,1,魚、エサ
POINT (136.739222 36.528889),429,目撃,R5,R5.9.1,15時30分頃,金沢市,湯谷原町,親子クマの目撃,2,湯谷原,1.72E+09,5.44E+08,36.528889,136.739222,1,魚、エサ
POINT (136.739056 36.528861),430,目撃,R5,R5.9.2,19時00分頃,金沢市,湯谷原町,親子クマの目撃,2,湯谷原,1.72E+09,5.44E+08,36.528861,136.739056,1,魚、エサ
POINT (136.738694 36.529333),431,目撃,R5,R5.9.4,18時00分頃,金沢市,湯谷原町,親子クマの目撃,2,湯谷原,1.72E+09,5.44E+08,36.529333,136.738694,1,魚、エサ
POINT (136.738444 36.529722),435,目撃,R5,R5.9.8,12時15分頃,金沢市,湯谷原町,クマ１頭の目撃,1,湯谷原,1.72E+09,5.44E+08,36.529722,136.738444,1,魚、エサ
POINT (136.695661 36.525859),457,目撃,R5,R5.10.8,17時45分頃,金沢市,舘町,農道沿いで、通行人が犀川方向へ走り去る１頭を目撃,1,舘町,1.72E+09,5.44E+08,36.525859,136.695661,1,畑
POINT (136.739782 36.52851),497,目撃,R5,R5.10.22,16時15分頃,金沢市,湯谷原町,親子とみられるクマ3頭を目撃,3,湯谷原,1.72E+09,5.44E+08,36.52851,136.739782,1,魚、エサ
POINT (136.739439 36.529277),498,目撃,R5,R5.10.22,19時00分頃,金沢市,湯谷原町,親子とみられるクマ3頭を目撃,3,湯谷原,1.72E+09,5.44E+08,36.529277,136.739439,1,魚、エサ
POINT (136.738476 36.529822),518,目撃,R5,R5.10.28,16時30分頃,金沢市,湯谷原町,クマ3頭を目撃,3,湯谷原,1.72E+09,5.44E+08,36.529822,136.738476,1,魚、エサ
POINT (136.738444 36.52915),529,目撃,R5,R5.11.4,8時55分頃,金沢市,湯谷原町,田んぼ近くで約１．５メートルほどのクマ1頭を目撃,1,湯谷原,1.72E+09,5.44E+08,36.52915,136.738444,1,魚、エサ
POINT (136.738495 36.529726),554,目撃,R5,R5.11.23,16時05分頃,金沢市,湯谷原町,親子クマとみられる2頭を目撃,2,湯谷原,1.72E+09,5.44E+08,36.529726,136.738495,1,魚、エサ
POINT (136.686609 36.531241),620,目撃,R2,R2.6.3,10時00分頃,金沢市,金沢市大桑町地内,クマ1頭（0.6ｍ程度）を道路付近で目撃,1,大桑,1.72E+09,5.44E+08,36.531241,136.686609,1,果樹園
POINT (136.687395 36.529568),623,目撃,R2,R2.6.3,13時40分頃,金沢市,金沢市大桑町地内,クマ1頭（大きさ不明）を道路付近で目撃,1,大桑,1.72E+09,5.44E+08,36.529568,136.687395,1,果樹園
POINT (136.6895825 36.5320664),625,目撃,R2,R2.6.3,14時50分頃,金沢市,金沢市土清水3丁目地内,クマ1頭（0.6ｍ程度）を土清水バス停付近で目撃,1,土清水町,1.72E+09,5.44E+08,36.5320664,136.6895825,1,果樹園
POINT (136.76418 36.78848),689,目撃,R2,R2.6.28,14時00分頃,宝達志水町,宝達志水町坪山地内,スモモの木に登っているクマ１頭を目撃,1,坪山,1.74E+09,5.54E+08,36.78848,136.76418,1,スモモ
POINT (136.43346 36.33653),722,目撃,R2,R2.7.19,16時30分頃,小松市,小松市林町,国道８号線粟津インターチェンジ付近でクマ成獣1頭を目撃;パトロール（市職員2名、捕獲隊1名、警察1名）;周辺を確認し痕跡なし,1,林町,1.72E+09,5.44E+08,36.33653,136.43346,1,果樹園
POINT (136.43359 36.3366),725,目撃,R2,R2.7.19,19時40分頃,小松市,小松市林町,国道８号線粟津インターチェンジ付近でクマ幼獣1頭を目撃;翌朝パトロール（市職員1名、捕獲隊1名）;周辺を確認し痕跡なし,1,林町,1.72E+09,5.44E+08,36.3366,136.43359,1,果樹園
POINT (136.43296 36.33831),748,目撃,R2,R2.8.3,5時30分頃,小松市,小松市林町,国道8号線付近で成獣1頭を目撃;パトロール（市職員2名、捕獲隊1名、警察2名）;周辺を確認し痕跡なし,1,林町,1.72E+09,5.44E+08,36.33831,136.43296,1,果樹園
POINT (136.43036 36.33631),754,目撃,R2,R2.8.7,12時30分頃,小松市,小松市林町,国道8号線二ツ梨インターチェンジ付近で幼獣1頭を目撃;パトロール（市職員2名、捕獲隊1名、警察2名）;周辺を確認し痕跡不明,1,林町,1.72E+09,5.44E+08,36.33631,136.43036,1,果樹園
POINT (136.78531 36.80634),778,目撃,R2,R2.9.5,21時00分頃,宝達志水町,宝達志水町宝達地内,庭から物音がして、懐中電灯で照らしたところ、クマの足元（らしき物）が見えた。翌日、周囲を確認したところ、近くの栗林の栗が食い荒らされていた。,1,宝達,1.74E+09,5.54E+08,36.80634,136.78531,1,クリ
POINT (136.61274 36.31564),799,目撃,R2,R2.9.17,13時15分頃,白山市,白山市左礫町地内,左礫町地内の柿の木に登っている子グマ１頭を目撃,1,左礫,1.72E+09,5.44E+08,36.31564,136.61274,1,カキ
POINT (136.6722782 36.4896648),819,目撃,R2,R2.9.22,17時00分頃,金沢市,金沢市小原町地内,クマ1頭がクルミの木に登っているのを目撃,1,小原,1.72E+09,5.44E+08,36.4896648,136.6722782,1,クルミ
POINT (136.7295239 36.5292405),823,目撃,R2,R2.9.23,9時15分頃,金沢市,金沢市小豆沢町地内,クマ2頭（親子）がクルミの樹上に登っていた,1,小豆沢,1.72E+09,5.44E+08,36.5292405,136.7295239,1,クルミ
POINT (136.7277055 36.4927572),824,目撃,R2,R2.9.23,17時00分頃,金沢市,金沢市菅池町地内,クルミの樹上にクマが登っていた,1,菅池,1.72E+09,5.44E+08,36.4927572,136.7277055,1,クルミ
POINT (136.7390974 36.5291163),834,目撃,R2,R2.9.24,14時30分頃,金沢市,金沢市湯谷原町地内,子グマ1頭を道路付近で目撃,1,湯谷原,1.72E+09,5.44E+08,36.5291163,136.7390974,1,魚、エサ
POINT (136.828067 36.795633),918,目撃,R2,R2.10.7,8時30分頃,宝達志水町,宝達志水町原地内,宝達志水町原地内（林道宝達新宮線と林道所司原線との合流地点）でクマの親子を見たとのこと。当該地にはクリの木あり,2,原,1.74E+09,5.54E+08,36.795633,136.828067,1,クリ
POINT (136.6885826 36.5272127),996,目撃,R2,R2.10.14,6時25分頃,金沢市,金沢市大桑町地内,クマ1頭（成獣）を目撃,1,大桑,1.72E+09,5.44E+08,36.5272127,136.6885826,1,果樹園
POINT (136.6866738 36.5264284),997,目撃,R2,R2.10.14,6時27分頃,金沢市,金沢市大桑町地内,クマ1頭を目撃,1,大桑,1.72E+09,5.44E+08,36.5264284,136.6866738,1,果樹園
POINT (136.611078 36.393742),1033,目撃,R2,R2.10.16,20時45分頃,白山市,白山市河合町地内,河内町地内にあるクリの木の下でクマ（成獣１頭幼獣２頭）を目撃,3,河合,1.72E+09,5.44E+08,36.393742,136.611078,1,クリ
POINT (136.6111209 36.39375062),1036,目撃,R2,R2.10.17,0時30分頃,白山市,白山市河合町地内,河内町地内にあるカキの木の下でクマ（成獣１頭幼獣２頭）を目撃,3,河合,1.72E+09,5.44E+08,36.39375062,136.6111209,1,カキ
POINT (136.5766852 36.4183197),1083,目撃,R2,R2.10.19,19時10分頃,能美市,能美市鍋谷町地内,鍋谷町公民館からさらに奥へ約1kmの場所にある民家の敷地で、柿の木に登る1頭を目撃,1,上区鍋谷,1.72E+09,5.44E+08,36.4183197,136.5766852,1,カキ
POINT (136.5676618 36.4214416),1103,目撃,R2,R2.10.21,14時47分,能美市,能美市鍋谷町地内,鍋谷町の八幡神社付近の川沿いで、柿の木に登る体長1ｍほどのクマ1頭を目撃。,1,中央鍋谷,1.72E+09,5.44E+08,36.4214416,136.5676618,1,カキ
POINT (136.5633386 36.4212078),1118,目撃,R2,R2.10.22,15時50分,能美市,能美市鍋谷町地内,鍋谷町の照善寺の敷地内で、柿の木に登るクマ1頭を目撃。その後寺北側の山林へ移動。,1,中央鍋谷,1.72E+09,5.44E+08,36.4212078,136.5633386,1,カキ
POINT (136.5254101 36.4360269),1120,目撃,R2,R2.10.22,16時45分,能美市,能美市松が岡地内,松が岡３丁目付近の雑木林で、柿の木に登るクマ1頭を目撃。,1,荒屋,1.72E+09,5.44E+08,36.4360269,136.5254101,1,カキ
POINT (136.6413809 36.32032131),1127,目撃,R2,R2.10.23,6時00分頃,白山市,白山市三ツ屋野町地内,三ツ屋野町地内にある神社で幼獣１頭、柿の木で成獣１頭を目撃,2,三ツ屋野,1.72E+09,5.44E+08,36.32032131,136.6413809,1,カキ
POINT (136.698425 36.5202383),1147,目撃,R2,R2.10.24,15時10分頃,金沢市,金沢市銚子町,小クマ1頭を目撃,1,銚子口,1.72E+09,5.44E+08,36.5202383,136.698425,1,果樹園
POINT (136.73878 36.5294237),1148,目撃,R2,R2.10.24,15時45分頃,金沢市,金沢市湯谷原町,クマ2頭（親子）を湯谷原バス停付近で目撃,2,湯谷原,1.72E+09,5.44E+08,36.5294237,136.73878,1,魚、エサ
POINT (136.5758894 36.4194664),1149,目撃,R2,R2.10.24,16時15分,能美市,能美市鍋谷町地内,鍋谷町の奥鍋谷バス停付近の柿の木にいる、体長1ｍほどのクマ1頭を目撃,1,上区鍋谷,1.72E+09,5.44E+08,36.4194664,136.5758894,1,カキ
POINT (136.7234082 36.5065343),1150,目撃,R2,R2.10.24,17時00分頃,金沢市,金沢市朝加屋町,クマ1頭（成獣）が柿の木に登っているのを見つけた,1,朝加屋,1.72E+09,5.44E+08,36.5065343,136.7234082,1,カキ
POINT (136.5548371 36.442068),1157,目撃,R2,R2.10.25,7時20分,能美市,能美市湯屋町,集会所近くの民家の敷地で、柿の木に登るクマ1頭を目撃（その後、クマは東側の山のほうへ移動した旨の通報あり）,1,湯屋,1.72E+09,5.44E+08,36.442068,136.5548371,1,カキ
POINT (136.5536341 36.4429395),1187,目撃,R2,R2.10.27,17時00分,能美市,能美市湯屋町,湯屋町墓地周辺の柿の木に登る成獣のクマ1頭を目撃。,1,湯屋,1.72E+09,5.44E+08,36.4429395,136.5536341,1,カキ
POINT (136.7639303 36.4900211),1194,目撃,R2,R2.10.28,3時00分頃,金沢市,金沢市古郷町地内,クマ1頭（1.0ｍ程度）がカキの木から降りてきて、山へ移動する様子を目撃,1,古郷,1.72E+09,5.44E+08,36.4900211,136.7639303,1,カキ
POINT (136.6337083 36.42831917),1195,目撃,R2,R2.10.28,4時40分頃,白山市,白山市白山町地内,白山町交差点周辺にあるカキの木でクマ１頭を目撃,1,白山町,1.72E+09,5.44E+08,36.42831917,136.6337083,1,カキ
POINT (136.5533685 36.4419382),1209,目撃,R2,R2.10.29,2時45分,能美市,能美市湯屋町,湯屋町チ23番地付近の柿の木から北側のふれあい広場方面へ向かうクマ1頭を目撃,1,湯屋,1.72E+09,5.44E+08,36.4419382,136.5533685,1,カキ
POINT (136.5533685 36.4419382),1219,目撃,R2,R2.10.29,23時20分,能美市,能美市湯屋町,湯屋町チ23番地付近の柿の木付近でクマ1頭を目撃。,1,湯屋,1.72E+09,5.44E+08,36.4419382,136.5533685,1,カキ
POINT (136.5547948 36.4098085),1230,目撃,R2,R2.10.30,20時45分,能美市,能美市仏大寺町,仏大寺町の公民館裏の柿の木にいる子グマ1頭を目撃,1,仏大寺,1.72E+09,5.44E+08,36.4098085,136.5547948,1,カキ
POINT (136.5533481 36.4419789),1233,目撃,R2,R2.10.31,0時45分,能美市,能美市湯屋町,湯屋町チ23番地付近の柿の木にいる成獣のクマ1頭を目撃,1,湯屋,1.72E+09,5.44E+08,36.4419789,136.5533481,1,カキ
POINT (136.6984496 36.5215616),1251,目撃,R2,R2.11.1,8時00分頃,金沢市,金沢市銚子町地内,親グマ1頭、子グマ1頭がヤブの中へ入っていった,2,銚子口,1.72E+09,5.44E+08,36.5215616,136.6984496,1,果樹園
POINT (136.620054 36.46635809),1258,目撃,R2,R2.11.2,4時20分頃,白山市,白山市月橋町地内,月橋町地内の山際にあるカキの木でクマ１頭を目撃,1,月橋町,1.72E+09,5.44E+08,36.46635809,136.620054,1,カキ
POINT (136.6199817 36.46640354),1261,目撃,R2,R2.11.2,16時50分頃,白山市,白山市月橋町地内,月橋町地内の山際にあるカキの木でクマ１頭を目撃,1,月橋町,1.72E+09,5.44E+08,36.46640354,136.6199817,1,カキ
POINT (136.650368 36.5257669),1263,目撃,R2,R2.11.3,7時30分頃,金沢市,金沢市山科町地内,クマ1頭（1.0ｍ程度）が柿の木に登っていた。,1,山科町,1.72E+09,5.44E+08,36.5257669,136.650368,1,カキ
POINT (136.7085712 36.524603),1267,目撃,R2,R2.11.3,13時30分頃,金沢市,金沢市太陽が丘1丁目地内,クマ1頭（1.0ｍ程度）が柿の木に登っていた。そのあと、南側の山の中へ行った。,1,金川,1.72E+09,5.44E+08,36.524603,136.7085712,1,カキ
POINT (136.7788417 36.80965722),1289,目撃,R2,R2.11.5,17時00分頃,宝達志水町,宝達志水町上田地内,上田地内、宮田池付近の畑にクマ(1頭)らしきものを見たとの連絡。目撃者からは、近くの柿の枝が折れていたとの報告も受ける。,1,上田,1.74E+09,5.54E+08,36.80965722,136.7788417,1,カキ
POINT (136.5230097 36.4363772),1307,目撃,R2,R2.11.6,21時15分頃,能美市,能美市湯谷町地内,湯寿園裏の住宅の柿の木に登るクマ1頭を目撃,1,湯谷,1.72E+09,5.44E+08,36.4363772,136.5230097,1,カキ
POINT (136.7385328 36.5295203),1309,目撃,R2,R2.11.6,23時30分頃,金沢市,金沢市湯谷原町地内,クマ1頭を湯谷原バス停付近で目撃,1,湯谷原,1.72E+09,5.44E+08,36.5295203,136.7385328,1,魚、エサ
POINT (136.6925602 36.5234132),1327,目撃,R2,R2.11.9,20時40分頃,金沢市,金沢市土清水2丁目地内,クマ1頭（1.0ｍ程度）を目撃,1,土清水町,1.72E+09,5.44E+08,36.5234132,136.6925602,1,果樹園
POINT (136.811013 36.674127),1359,目撃,R2,R2.11.14,15時30分頃,津幡町,津幡町九折,九折地内の国道8号をくぐる付近でカキの木に登る子グマを目撃。体長１ｍほど,1,九折,1.74E+09,5.54E+08,36.674127,136.811013,1,カキ
POINT (136.634928 36.429154),1363,目撃,R2,R2.11.14,17時45分頃,白山市,白山市白山町地内,白山町地内にある柿の木でクマ１頭を目撃,1,白山町,1.72E+09,5.44E+08,36.429154,136.634928,1,カキ
POINT (136.64068 36.328644),1369,目撃,R2,R2.11.15,7時30分頃,白山市,白山市西佐良町地内,西佐良町地内にあるカキの木でクマ１頭を目撃,1,西佐良,1.72E+09,5.44E+08,36.328644,136.64068,1,カキ
POINT (136.6872048 36.5291488),1376,目撃,R2,R2.11.16,20時00分頃,金沢市,金沢市大桑町地内,クマ1頭（1.0ｍ程度）を道路付近で目撃,1,大桑,1.72E+09,5.44E+08,36.5291488,136.6872048,1,果樹園
POINT (136.3102184 36.329241),1378,目撃,R2,R2.11.17,6時30分,加賀市,加賀市高尾町,加賀市高尾町地内でクマ１頭を目撃,1,高尾,1.72E+09,5.44E+08,36.329241,136.3102184,1,果樹園
POINT (136.758071 36.5815909),1415,目撃,R2,R2.12.1,16時50分頃,金沢市,金沢市北方町地内,クマ1頭（1.2ｍ程度）が川沿いの柿の木に登っているのを目撃,1,北方,1.72E+09,5.44E+08,36.5815909,136.758071,1,カキ
POINT (136.7767627 36.86636264),1431,痕跡,R2,R2.6.18,,宝達志水町,宝達志水町柳瀬,養蜂箱がひっくり返されているのを発見。付近に目撃されておりいるクマの犯行ではないかと推測。足跡等はなし。,,柳瀬,1.74E+09,5.54E+08,36.86636264,136.7767627,1,はちみつ
POINT (136.6888085 36.5279912),1432,痕跡,R2,R2.6.23,,金沢市,金沢市大桑町地内,階段付近で糞の発見,,大桑,1.72E+09,5.44E+08,36.5279912,136.6888085,1,果樹園
POINT (136.6830043 36.5257531),1434,痕跡,R2,R2.8.12,,金沢市,金沢市大桑町地内,梨が食べられていた,,大桑,1.72E+09,5.44E+08,36.5257531,136.6830043,1,ナシ
POINT (136.6829753 36.5257607),1436,痕跡,R2,R2.8.16,,金沢市,金沢市大桑町地内,梨の木被害,,大桑,1.72E+09,5.44E+08,36.5257607,136.6829753,1,ナシ
POINT (136.6332767 36.514657),1440,痕跡,R2,R2.8.29,,金沢市,金沢市高尾町南1丁目地内,栗の木被害,,高尾,1.72E+09,5.44E+08,36.514657,136.6332767,1,クリ
POINT (136.485799 36.356606),1441,痕跡,R2,R2.8.31,,小松市,小松市長谷町,柿の木被害,,長谷町,1.72E+09,5.44E+08,36.356606,136.485799,1,カキ
POINT (136.7072103 36.5026136),1444,痕跡,R2,R2.9.14,,金沢市,金沢市上辰巳町地内,柿の木被害,,上辰己,1.72E+09,5.44E+08,36.5026136,136.7072103,1,カキ
POINT (136.494525 36.356322),1446,痕跡,R2,R2.9.16,,小松市,小松市金野町,柿の木被害あり、現地確認拒否,,金野町,1.72E+09,5.44E+08,36.356322,136.494525,1,カキ
POINT (136.7002575 36.5389901),1448,痕跡,R2,R2.9.16,,金沢市,金沢市田上新町地内,栗の木被害,,田上,1.72E+09,5.44E+08,36.5389901,136.7002575,1,クリ
POINT (136.76301 36.79301),1449,痕跡,R2,R2.9.16,,宝達志水町,宝達志水町坪野地内,坪山区在住者宅の裏にあるクリが食べられているとの連絡があり、現地を確認。,,坪山,1.74E+09,5.54E+08,36.79301,136.76301,1,クリ
POINT (136.6828922 36.5228798),1452,痕跡,R2,R2.9.17,,金沢市,金沢市末町地内,柿の木被害,,末,1.72E+09,5.44E+08,36.5228798,136.6828922,1,クリ
POINT (136.527531 36.422346),1455,痕跡,R2,R2.9.18,,小松市,小松市上八里町,栗の木2本クマにより倒木、柿の木に爪痕と柿残骸多数あり,,上八里町,1.72E+09,5.44E+08,36.422346,136.527531,1,クリ、カキ
POINT (136.486956 36.266361),1456,痕跡,R2,R2.9.18,,小松市,小松市大杉町,クマによる倒木（柿の木）　,,下大杉町,1.72E+09,5.44E+08,36.266361,136.486956,1,クリ
POINT (136.633472 36.5145576),1457,痕跡,R2,R2.9.20,,金沢市,金沢市高尾南1丁目,クリの枝折れを発見,,高尾町,1.72E+09,5.44E+08,36.5145576,136.633472,1,クリ
POINT (136.416223 36.300237),1458,痕跡,R2,R2.9.21,,小松市,小松市滝ケ原町,クマによる倒木（柿の木）　、栗の木被害,,滝ケ原町,1.72E+09,5.44E+08,36.300237,136.416223,1,クリ、カキ
POINT (136.448648 36.351823),1459,痕跡,R2,R2.9.21,,小松市,小松市木場台,クマによる倒木（柿の木）　、栗の木被害,,木場町,1.72E+09,5.44E+08,36.351823,136.448648,1,クリ、カキ
POINT (136.527606 36.331394),1461,痕跡,R2,R2.9.22,,小松市,小松市観音下町,町内全体にクマによる倒木（柿の木）　、栗の木被害あり,,観音下町,1.72E+09,5.44E+08,36.331394,136.527606,1,クリ、カキ
POINT (136.6101863 36.36505598),1462,痕跡,R2,R2.9.22,,白山市,白山市釜清水町,釜清水町地内にある墓場周辺のクルミの木にクマの爪痕を発見,,釜清水,1.72E+09,5.44E+08,36.36505598,136.6101863,1,クルミ
POINT (136.707534 36.5027267),1465,痕跡,R2,R2.9.23,,金沢市,金沢市上辰巳町地内,柿の木が折られていた,,上辰己,1.72E+09,5.44E+08,36.5027267,136.707534,1,カキ
POINT (136.6166505 36.39631804),1470,痕跡,R2,R2.9.24,,白山市,白山市河合町,河合町地内でクマの足跡・糞・栗の木の枝折を発見,,河合,1.72E+09,5.44E+08,36.39631804,136.6166505,1,クリ
POINT (136.514742 36.344362),1471,痕跡,R2,R2.9.25,,小松市,小松市沢町,広範囲の柿の木に痕跡あり,,沢町,1.72E+09,5.44E+08,36.344362,136.514742,1,カキ
POINT (136.450049 36.329148),1472,痕跡,R2,R2.9.26,,小松市,小松市西原町,柿の木に痕跡あり（爪痕、枝折り、糞）。,,西原町,1.72E+09,5.44E+08,36.329148,136.450049,1,カキ
POINT (136.7749172 36.5015317),1475,痕跡,R2,R2.9.27,,金沢市,金沢市栃尾町地内,クルミの木の枝が折られていた,,栃尾,1.72E+09,5.44E+08,36.5015317,136.7749172,1,クルミ
POINT (136.518567 36.419654),1476,痕跡,R2,R2.9.28,,小松市,小松市下八里町,柿の木にクマの痕跡あり,,下八里町,1.72E+09,5.44E+08,36.419654,136.518567,1,カキ
POINT (136.6814096 36.59704),1477,痕跡,R2,R2.9.28,,金沢市,金沢市神谷内町地内,柿の木の枝折れ及び糞を発見,,神谷内町,1.72E+09,5.44E+08,36.59704,136.6814096,1,カキ
POINT (136.7981124 36.66793538),1478,痕跡,R2,R2.9.28,,津幡町,津幡町坂戸地内,栗の木が折られ、荒らされている。クマの痕跡、足跡を確認,,坂戸,1.74E+09,5.54E+08,36.66793538,136.7981124,1,クリ
POINT (136.470551 36.372312),1482,痕跡,R2,R2.9.29,,小松市,小松市蓮代寺町,農家（柿の木）,,蓮代寺町,1.72E+09,5.44E+08,36.372312,136.470551,1,カキ
POINT (136.6798638 36.5303801),1483,痕跡,R2,R2.9.29,,金沢市,金沢市大桑町地内,カキの木の枝折れを発見,,大桑,1.72E+09,5.44E+08,36.5303801,136.6798638,1,カキ
POINT (136.6854372 36.5270444),1484,痕跡,R2,R2.9.29,,金沢市,金沢市大桑町地内,カキの木の枝折れを発見,,大桑,1.72E+09,5.44E+08,36.5270444,136.6854372,1,カキ
POINT (136.763832 36.4806458),1488,痕跡,R2,R2.9.30,,金沢市,金沢市湯涌曲町地内,クリの木の枝が折られていた,,湯涌曲,1.72E+09,5.44E+08,36.4806458,136.763832,1,カキ
POINT (136.7921027 36.80947604),1491,痕跡,R2,R2.10.1,,宝達志水町,宝達志水町宝達地内,宝達区専福寺に隣接している納屋の側面がクマによって破壊されているのを、報告者が発見。;壁に残っていた爪痕を確認。クマが壁を壊して、中にあったハチの巣を捕食していたと思われ?,,宝達,1.74E+09,5.54E+08,36.80947604,136.7921027,1,はちみつ
POINT (136.725248 36.4916661),1492,痕跡,R2,R2.10.1,,金沢市,金沢市菅池町地内,柿の木が折れていた,,菅池,1.72E+09,5.44E+08,36.4916661,136.725248,1,カキ
POINT (136.6799023 36.58811),1495,痕跡,R2,R2.10.3,,金沢市,金沢市小坂町地内,柿の木被害,,小坂町,1.72E+09,5.44E+08,36.58811,136.6799023,1,カキ
POINT (136.460144 36.367927),1497,痕跡,R2,R2.10.4,,小松市,小松市三谷町,農道にどんぐり、木の枝が散乱、クマが食い散らかした跡,,三谷町,1.72E+09,5.44E+08,36.367927,136.460144,1,どんぐり
POINT (136.6778752 36.5304645),1498,痕跡,R2,R2.10.4,,金沢市,金沢市つつじが丘地内,クルミの木被害,,野田町,1.72E+09,5.44E+08,36.5304645,136.6778752,1,クルミ
POINT (136.6871039 36.5139524),1500,痕跡,R2,R2.10.4,,金沢市,金沢市末町地内,柿の木が折られていた,,末,1.72E+09,5.44E+08,36.5139524,136.6871039,1,カキ
POINT (136.6798972 36.5882094),1501,痕跡,R2,R2.10.4,,金沢市,金沢市小坂町地内,柿の木の被害,,小坂町,1.72E+09,5.44E+08,36.5882094,136.6798972,1,カキ
POINT (136.6816186 36.534604),1503,痕跡,R2,R2.10.5,,金沢市,金沢市大桑町地内,柿の木被害,,大桑,1.72E+09,5.44E+08,36.534604,136.6816186,1,カキ
POINT (136.453579 36.329208),1506,痕跡,R2,R2.10.6,,小松市,小松市牧口町,広範囲に柿の木の枝折り、糞、足跡の痕跡あり,,牧口町,1.72E+09,5.44E+08,36.329208,136.453579,1,カキ
POINT (136.428311 36.311026),1507,痕跡,R2,R2.10.6,,小松市,小松市那谷町,柿の木、栗の木が荒らされている。,,那谷町,1.72E+09,5.44E+08,36.311026,136.428311,1,カキ、クリ
POINT (136.6883294 36.5149002),1509,痕跡,R2,R2.10.6,,金沢市,金沢市末町地内,カキの木被害,,末,1.72E+09,5.44E+08,36.5149002,136.6883294,1,カキ
POINT (136.6803099 36.5261182),1510,痕跡,R2,R2.10.6,,金沢市,金沢市つつじが丘地内,梨とリンゴの食害,,野田町,1.72E+09,5.44E+08,36.5261182,136.6803099,1,ナシ、リンゴ
POINT (136.7232241 36.4908738),1513,痕跡,R2,R2.10.7,,金沢市,金沢市瀬領町地内,柿の木被害,,瀬領,1.72E+09,5.44E+08,36.4908738,136.7232241,1,カキ
POINT (136.6828068 36.5967382),1514,痕跡,R2,R2.10.7,,金沢市,金沢市神谷内町地内,果樹被害,,神谷内町,1.72E+09,5.44E+08,36.5967382,136.6828068,1,果樹
POINT (136.6997169 36.5176961),1516,痕跡,R2,R2.10.7,,金沢市,金沢市袋板屋町地内,柿の木被害,,袋板屋,1.72E+09,5.44E+08,36.5176961,136.6997169,1,カキ
POINT (136.528795 36.331705),1517,痕跡,R2,R2.10.9,,小松市,小松市松岡町,柿の木に痕跡（クマの爪痕）あり,,松岡町,1.72E+09,5.44E+08,36.331705,136.528795,1,カキ
POINT (136.6879935 36.5250354),1519,痕跡,R2,R2.10.9,,金沢市,金沢市永安町地内,金沢市高区配水池大桑配水場の裏手付近で柿の木被害,,末,1.72E+09,5.44E+08,36.5250354,136.6879935,1,カキ
POINT (136.6706565 36.53139),1521,痕跡,R2,R2.10.9,,金沢市,金沢市野田町地内,クマの足跡、柿の木の枝折れを発見,,野田町,1.72E+09,5.44E+08,36.53139,136.6706565,1,カキ
POINT (136.6850999 36.6035553),1522,痕跡,R2,R2.10.9,,金沢市,金沢市法光寺町地内,柿の木被害,,法光寺町,1.72E+09,5.44E+08,36.6035553,136.6850999,1,カキ
POINT (136.631111 36.5107296),1523,痕跡,R2,R2.10.9,,金沢市,金沢市大額町地内,柿の木に爪痕被害と糞あった。,,大額町,1.72E+09,5.44E+08,36.5107296,136.631111,1,カキ
POINT (136.6743593 36.5288944),1525,痕跡,R2,R2.10.10,,金沢市,金沢市大桑町地内,柿の木被害,,大桑,1.72E+09,5.44E+08,36.5288944,136.6743593,1,カキ
POINT (136.6986792 36.5193467),1526,痕跡,R2,R2.10.10,,金沢市,金沢市銚子町地内,クマの糞を発見,,銚子口,1.72E+09,5.44E+08,36.5193467,136.6986792,1,カキ
POINT (136.6944905 36.5083472),1527,痕跡,R2,R2.10.10,,金沢市,金沢市天池町地内,柿の木被害,,天池,1.72E+09,5.44E+08,36.5083472,136.6944905,1,カキ
POINT (136.7025548 36.5187769),1529,痕跡,R2,R2.10.11,,金沢市,金沢市上中町地内,果樹被害,,上中,1.72E+09,5.44E+08,36.5187769,136.7025548,1,果樹
POINT (136.6879507 36.5250161),1532,痕跡,R2,R2.10.12,,金沢市,金沢市永安町地内,柿の木被害,,末,1.72E+09,5.44E+08,36.5250161,136.6879507,1,カキ
POINT (136.7041569 36.5162424),1535,痕跡,R2,R2.10.13,,金沢市,金沢市上辰巳町地内,柿の被害,,上辰己,1.72E+09,5.44E+08,36.5162424,136.7041569,1,カキ
POINT (136.6846607 36.5237364),1536,痕跡,R2,R2.10.13,,金沢市,金沢市末町地内,柿の木被害,,末,1.72E+09,5.44E+08,36.5237364,136.6846607,1,カキ
POINT (136.7074932 36.5125091),1537,痕跡,R2,R2.10.13,,金沢市,金沢市袋板屋町地内,柿の木被害,,袋板屋,1.72E+09,5.44E+08,36.5125091,136.7074932,1,カキ
POINT (136.6868253 36.5062532),1538,痕跡,R2,R2.10.13,,金沢市,金沢市山川町地内,柿の木被害,,山川,1.72E+09,5.44E+08,36.5062532,136.6868253,1,カキ
POINT (136.681355 36.5970024),1542,痕跡,R2,R2.10.14,,金沢市,金沢市神谷内町地内,柿の木被害、栗の木被害,,神谷内町,1.72E+09,5.44E+08,36.5970024,136.681355,1,カキ
POINT (136.6972922 36.5187651),1543,痕跡,R2,R2.10.14,,金沢市,金沢市舘町地内,柿の木被害,,舘町,1.72E+09,5.44E+08,36.5187651,136.6972922,1,カキ
POINT (136.6973663 36.5227537),1544,痕跡,R2,R2.10.14,,金沢市,金沢市銚子町地内,果樹被害,,銚子口,1.72E+09,5.44E+08,36.5227537,136.6973663,1,果樹
POINT (136.6807653 36.5302208),1545,痕跡,R2,R2.10.14,,金沢市,金沢市大桑町地内,クマの足跡を確認,,大桑,1.72E+09,5.44E+08,36.5302208,136.6807653,1,
POINT (136.6896666 36.5148388),1546,痕跡,R2,R2.10.15,,金沢市,金沢市末町地内,柿の木の枝折れ、爪痕を確認,,末,1.72E+09,5.44E+08,36.5148388,136.6896666,1,カキ
POINT (136.77576 36.839798),1547,痕跡,R2,R2.10.16,,宝達志水町,宝達志水町宿地内,宿地内（釜谷池付近）にて、クマの食事痕（柿の木の枝折れ）の発見情報がありました。,,宿,1.74E+09,5.54E+08,36.839798,136.77576,1,カキ
POINT (136.553764 36.4434182),1550,痕跡,R2,R2.10.16,,能美市,能美市湯屋町地内,湯屋町墓地付近、公民館付近の柿の木に爪痕,,湯屋,1.72E+09,5.44E+08,36.4434182,136.553764,1,カキ
POINT (136.418793 36.31483),1551,痕跡,R2,R2.10.17,,小松市,小松市那谷町,柿の食跡,,那谷町,1.72E+09,5.44E+08,36.31483,136.418793,1,カキ
POINT (136.6805662 36.5878752),1552,痕跡,R2,R2.10.17,,金沢市,金沢市小坂町地内,柿の木被害,,小坂町,1.72E+09,5.44E+08,36.5878752,136.6805662,1,カキ
POINT (136.6970585 36.5209156),1555,痕跡,R2,R2.10.18,,金沢市,金沢市浅川町地内,柿の木被害、糞の発見,,浅川,1.72E+09,5.44E+08,36.5209156,136.6970585,1,カキ
POINT (136.7083073 36.519703),1556,痕跡,R2,R2.10.18,,金沢市,金沢市浅川町地内,柿の木被害、糞の発見,,浅川,1.72E+09,5.44E+08,36.519703,136.7083073,1,カキ
POINT (136.6909274 36.5229641),1557,痕跡,R2,R2.10.18,,金沢市,金沢市舘山町地内,果樹被害,,舘山町,1.72E+09,5.44E+08,36.5229641,136.6909274,1,カキ
POINT (136.439077 36.330107),1560,痕跡,R2,R2.10.19,,小松市,小松市南陽町,柿の木爪あと、糞,,戸津町,1.72E+09,5.44E+08,36.330107,136.439077,1,カキ
POINT (136.7185565 36.5105568),1566,痕跡,R2,R2.10.20,,金沢市,金沢市東荒屋町地内,柿の木の枝折れを発見,,東荒屋,1.72E+09,5.44E+08,36.5105568,136.7185565,1,カキ
POINT (136.751227 36.77494054),1567,痕跡,R2,R2.10.20,,かほく市,かほく市夏栗地内,クマの糞を発見、柿の木が複数折られている。;柿が食べられている。,,夏栗,1.72E+09,5.54E+08,36.77494054,136.751227,1,カキ
POINT (136.6853885 36.5834222),1571,痕跡,R2,R2.10.21,,金沢市,金沢市御所町地内,柿の木の枝折れ、糞を発見,,御所町,1.72E+09,5.44E+08,36.5834222,136.6853885,1,カキ
POINT (136.429977 36.359145),1575,痕跡,R2,R2.10.22,,小松市,小松市符津町,足跡、柿の木食痕,,符津みのわ町,1.72E+09,5.44E+08,36.359145,136.429977,1,カキ
POINT (136.7634465 36.5578177),1576,痕跡,R2,R2.10.22,,金沢市,金沢市二俣町地内,柿の木の枝折れ、糞を発見,,二俣,1.72E+09,5.44E+08,36.5578177,136.7634465,1,カキ
POINT (136.516068 36.344217),1582,痕跡,R2,R2.10.23,,小松市,小松市沢町,柿の木,,沢町,1.72E+09,5.44E+08,36.344217,136.516068,1,カキ
POINT (136.7099026 36.5014833),1588,痕跡,R2,R2.10.25,,金沢市,金沢市上辰巳町地内,柿の木被害,,上辰己,1.72E+09,5.44E+08,36.5014833,136.7099026,1,カキ
POINT (136.7237733 36.517655),1594,痕跡,R2,R2.10.26,,金沢市,金沢市蓮如町地内,柿の木の枝折れ、食痕、爪痕を発見,,蓮如,1.72E+09,5.44E+08,36.517655,136.7237733,1,カキ
POINT (136.6799828 36.513507),1595,痕跡,R2,R2.10.26,,金沢市,金沢市蓮花町地内,柿の木被害,,蓮花,1.72E+09,5.44E+08,36.513507,136.6799828,1,カキ
POINT (136.490334 36.393395),1601,痕跡,R2,R2.10.27,,小松市,小松市加賀八幡,柿の木被害、糞,,八幡,1.72E+09,5.44E+08,36.393395,136.490334,1,カキ
POINT (136.756259 36.794912),1602,痕跡,R2,R2.10.27,,宝達志水町,宝達志水町冬野地内,冬野地内にて、クマの糞を発見。;柿の種が糞の中に混入していた。,,冬野,1.74E+09,5.54E+08,36.794912,136.756259,1,カキ
POINT (136.5537596 36.4416111),1603,痕跡,R2,R2.10.27,,能美市,能美市湯屋町地内,民家の柿の木に食べた痕跡,,湯屋,1.72E+09,5.44E+08,36.4416111,136.5537596,1,カキ
POINT (136.751497 36.794165),1607,痕跡,R2,R2.10.28,,宝達志水町,宝達志水町森本地内,森本地内にて、クマの糞を発見。;柿の種が糞の中に混入されていた。;現地を確認した結果、爪痕も発見。;※かほく市に情報提供,,森本,1.74E+09,5.54E+08,36.794165,136.751497,1,カキ
POINT (136.7190653 36.724562),1616,痕跡,R2,R2.10.29,,かほく市,かほく市鉢伏地内,クマの糞を発見。;落ちている柿が食べられていた。,,鉢伏,1.72E+09,5.54E+08,36.724562,136.7190653,1,カキ
POINT (136.7256719 36.5993988),1617,痕跡,R2,R2.10.30,,金沢市,金沢市鳴瀬元町地内,柿の木被害,,鳴瀬元,1.72E+09,5.44E+08,36.5993988,136.7256719,1,カキ
POINT (136.7512773 36.77622475),1619,痕跡,R2,R2.10.30,,かほく市,かほく市夏栗地内,柿の木の枝が折られていた。柿の木に爪痕あり。;渋柿は少し食べて捨てられていた。,,夏栗,1.72E+09,5.54E+08,36.77622475,136.7512773,1,カキ
POINT (136.6370017 36.5185033),1620,痕跡,R2,R2.10.31,,金沢市,金沢市高尾町地内,柿の木被害（枝折れ）,,高尾,1.72E+09,5.44E+08,36.5185033,136.6370017,1,カキ
POINT (136.6867137 36.6047535),1622,痕跡,R2,R2.10.31,,金沢市,金沢市百坂町地内,山側での柿の木被害（枝折れ、爪痕）,,百坂町,1.72E+09,5.44E+08,36.6047535,136.6867137,1,カキ
POINT (136.762296 36.773922),1623,痕跡,R2,R2.10.31,,かほく市,かほく市黒川地内,柿の木の枝が折られていた。;柿の木に爪痕あり。;渋柿は少し食べて捨てられていた。,,黒川,1.72E+09,5.54E+08,36.773922,136.762296,1,カキ
POINT (136.7523938 36.77118499),1624,痕跡,R2,R2.10.31,,かほく市,かほく市夏栗地内,柿の木が折られている。;柿の木にクマの爪痕あり。,,夏栗,1.72E+09,5.54E+08,36.77118499,136.7523938,1,カキ
POINT (136.7511358 36.77583858),1626,痕跡,R2,R2.10.31,,かほく市,かほく市夏栗地内,クマの糞を発見;柿の木が複数折られている。,,夏栗,1.72E+09,5.54E+08,36.77583858,136.7511358,1,カキ
POINT (136.427485 36.338016),1627,痕跡,R2,R2.11.2,,小松市,小松市下粟津町,柿の木被害、糞,,下粟津町,1.72E+09,5.44E+08,36.338016,136.427485,1,カキ
POINT (136.456994 36.368872),1629,痕跡,R2,R2.11.3,,小松市,小松市三谷町,りんご果樹園被害、糞,,三谷町,1.72E+09,5.44E+08,36.368872,136.456994,1,リンゴ
POINT (136.7077592 36.5192484),1630,痕跡,R2,R2.11.3,,金沢市,金沢市袋板屋町地内,柿の木被害（糞の発見、枝折れ、爪痕）,,袋板屋,1.72E+09,5.44E+08,36.5192484,136.7077592,1,カキ
POINT (136.7021541 36.5190212),1634,痕跡,R2,R2.11.5,,金沢市,金沢市上中町地内,果樹被害,,上中,1.72E+09,5.44E+08,36.5190212,136.7021541,1,果樹
POINT (136.45712 36.368889),1635,痕跡,R2,R2.11.6,,小松市,小松市三谷町,りんご果樹園被害、糞,,三谷町,1.72E+09,5.44E+08,36.368889,136.45712,1,リンゴ
POINT (136.7235894 36.5048515),1640,痕跡,R2,R2.11.7,,金沢市,金沢市藤六町地内,柿の木被害（枝折れ）,,藤六,1.72E+09,5.44E+08,36.5048515,136.7235894,1,カキ
POINT (136.7691405 36.81823932),1644,痕跡,R2,R2.11.10,,宝達志水町,宝達志水町河原地内,河原地内にて、クマの痕跡を発見;庭にある柿の枝を折り、実を食べられていたとのこと。,,河原,1.74E+09,5.54E+08,36.81823932,136.7691405,1,カキ
POINT (136.7121261 36.598571),1645,痕跡,R2,R2.11.10,,金沢市,金沢市下涌波町地内,柿の木被害,,下涌波,1.72E+09,5.44E+08,36.598571,136.7121261,1,カキ
POINT (136.7006813 36.5082396),1646,痕跡,R2,R2.11.10,,金沢市,金沢市辰巳町地内,柿の木被害,,辰己,1.72E+09,5.44E+08,36.5082396,136.7006813,1,カキ
POINT (136.527295 36.421434),1648,痕跡,R2,R2.11.11,,小松市,小松市上八里町,柿の木被害、糞,,上八里町,1.72E+09,5.44E+08,36.421434,136.527295,1,カキ
POINT (136.6869582 36.5146462),1649,痕跡,R2,R2.11.11,,金沢市,金沢市末町地内,柿の木被害,,末,1.72E+09,5.44E+08,36.5146462,136.6869582,1,カキ
POINT (136.6207534 36.4967561),1651,痕跡,R2,R2.11.11,,金沢市,金沢市南四十万1丁目地内,足跡、柿の木被害,,南四十万町,1.72E+09,5.44E+08,36.4967561,136.6207534,1,カキ
POINT (136.727917 36.684101),1653,痕跡,R2,R2.11.12,,津幡町,津幡町舟橋地内,柿の木が折られ、荒らされている。クマの痕跡、足跡を確認,,舟橋,1.74E+09,5.54E+08,36.684101,136.727917,1,カキ
POINT (136.7805772 36.64366339),1655,痕跡,R2,R2.11.13,,津幡町,津幡町朝日畑,柿の木が折られ、荒らされている。クマの痕跡、足跡を確認,,朝日畑,1.74E+09,5.44E+08,36.64366339,136.7805772,1,カキ
POINT (136.6926946 36.5130211),1658,痕跡,R2,R2.11.14,,金沢市,金沢市末町地内,柿の木被害,,末,1.72E+09,5.44E+08,36.5130211,136.6926946,1,カキ
POINT (136.6764113 36.5263562),1661,痕跡,R2,R2.11.16,,金沢市,金沢市大桑町地内,果樹被害,,大桑,1.72E+09,5.44E+08,36.5263562,136.6764113,1,果樹
POINT (136.7627603 36.5102021),1663,痕跡,R2,R2.11.17,,金沢市,金沢市折谷町地内,柿の木の枝折れ,,折谷,1.72E+09,5.44E+08,36.5102021,136.7627603,1,カキ
POINT (136.7227329 36.5871667),1668,痕跡,R2,R2.11.19,,金沢市,金沢市上涌波町地内,柿の木の枝折れを発見,,上涌波,1.72E+09,5.44E+08,36.5871667,136.7227329,1,カキ
POINT (136.7862045 36.64214668),1669,痕跡,R2,R2.11.19,,津幡町,津幡町相窪,柿の木が折られ、荒らされている。クマの痕跡、足跡を確認,,相窪,1.74E+09,5.44E+08,36.64214668,136.7862045,1,カキ
POINT (136.7274793 36.6214401),1671,痕跡,R2,R2.11.24,,金沢市,金沢市四王寺町地内,柿の木被害,,四王寺,1.72E+09,5.44E+08,36.6214401,136.7274793,1,カキ
POINT (136.7727923 36.80147428),1672,痕跡,R2,R2.11.25,,宝達志水町,宝達志水町中野地内,中野地内（旧農業短期大学付属農場付近）の畑の柿の木にて、クマの爪痕を発見,,中野,1.74E+09,5.54E+08,36.80147428,136.7727923,1,カキ
POINT (136.7258984 36.6006894),1673,痕跡,R2,R2.11.30,,金沢市,金沢市鳴瀬元町地内,柿の木被害,,鳴瀬元,1.72E+09,5.44E+08,36.6006894,136.7258984,1,カキ
POINT (136.7276434 36.6285102),1936,痕跡,R3,R3.10.26,,金沢市,四坊高坂町地内,柿の木被害、糞の発見,,四坊高坂,1.72E+09,5.44E+08,36.6285102,136.7276434,1,カキ
POINT (136.703639 36.517167),1961,目撃,R5,R5.12.2,12時55分頃,金沢市,浅川町,金沢市浅川町の市道で、体長約１メートルのクマ１頭を目撃,1頭,浅川,1.72E+09,5.44E+08,36.517167,136.703639,1,
POINT (136.738495 36.529726),1965,目撃,R5,R5.12.5,7時10分頃,金沢市,東荒屋町,県道付近で体長約1メートルのクマを目撃,１頭,東荒屋,1.72E+09,5.44E+08,36.529726,136.738495,1,
POINT (136.7290333 36.5032051),1973,目撃,R5,R5.12.12,6時35分頃,金沢市,西市瀬町,カキの木に登る体長約１メートルのクマを目撃,1頭,西市瀬,1.72E+09,5.44E+08,36.5032051,136.7290333,1,カキ
POINT (136.3757366 36.33481363),1982,痕跡,R5,R5.11.28,,加賀市,片山津町地内,工房布る田の敷地内にクマの糞と、柿の木によじ登った形跡(傷)を発見した,,片山津,1.72E+09,5.44E+08,36.33481363,136.3757366,1,カキ
POINT (136.6043978 36.3574163),1983,痕跡,R5,R5.12.11,,白山市,別宮町地内,集落内にカキを食べた跡、糞を確認,,別宮,1.72E+09,5.44E+08,36.3574163,136.6043978,1,カキ
POINT (136.79567 36.89191),2041,目撃,R1,2019/5/29,6時30分頃,羽咋市,羽咋市石野町地内,前日のクマと思われるクマを旧牛舎付近で目撃,1,石野町,1.72E+09,5.54E+08,36.89191,136.79567,1,エサ
POINT (136.43128 36.33338),2200,目撃,R1,2019/8/13,19時50分頃,小松市,小松市林町地内,小松市林町地内のぶどう園前の市道二ツ梨線から西側下粟津町地内の林に向かった,1,林町,1.72E+09,5.44E+08,36.33338,136.43128,1,ブドウ
POINT (136.43116 36.33736),2214,目撃,R1,2019/9/10,21時30分頃,小松市,小松市林町地内,林町地内ぶどう園沿い市道林二ツ梨線から西側里山へ向かった,1,林町,1.72E+09,5.44E+08,36.33736,136.43116,1,ブドウ
POINT (136.67518 36.52593),2220,目撃,R1,2019/9/19,18時00分頃,金沢市,金沢市大桑町地内,大道割（犀川側）でクマ1頭(1.0m）を目撃,1,大桑,1.72E+09,5.44E+08,36.52593,136.67518,1,
POINT (136.60514 36.38138),2239,目撃,R1,2019/9/30,21時00分頃,白山市,白山市下野町地内,下野町地内（中野宅の柿の木）でクマ１頭を目撃,1,下野,1.72E+09,5.44E+08,36.38138,136.60514,1,カキ
POINT (136.74934 36.49071),2388,痕跡,R1,2019/9/13,,金沢市,金沢市羽場町地内,糞・クマ棚（クリ）を発見,,羽場,1.72E+09,5.44E+08,36.49071,136.74934,1,クリ
POINT (136.63915 36.3343),2390,痕跡,R1,2019/9/17,,白山市,白山市西佐良町地内,西佐良町地内にあるカキの木に痕跡あり,,西佐良,1.72E+09,5.44E+08,36.3343,136.63915,1,カキ
POINT (136.72785 36.53138),2391,痕跡,R1,2019/9/17,,金沢市,金沢市俵町地内,クリの木で痕跡を発見,,俵,1.72E+09,5.44E+08,36.53138,136.72785,1,クリ
POINT (136.67998 36.52596),2392,痕跡,R1,2019/9/18,,金沢市,金沢市つつじが丘地内,果樹園で梨の木被害,,野田町,1.72E+09,5.44E+08,36.52596,136.67998,1,ナシ
POINT (136.71205 36.51629),2393,痕跡,R1,2019/9/18,,金沢市,金沢市袋板屋町地内,高池町に向かう山道付近でクリの木被害,,袋板屋,1.72E+09,5.44E+08,36.51629,136.71205,1,クリ
POINT (136.72737 36.62844),2395,痕跡,R1,2019/9/20,,金沢市,金沢市四坊高坂町地内,集落の畑付近で柿の枝折れ発見,,四坊高坂,1.72E+09,5.44E+08,36.62844,136.72737,1,カキ
POINT (136.72536 36.47696),2396,痕跡,R1,2019/9/24,,金沢市,金沢市熊走町地内,城力町方面への道付近で柿の木被害発見,,熊走,1.72E+09,5.44E+08,36.47696,136.72536,1,カキ
POINT (136.5991 36.38142),2398,痕跡,R1,2019/10/4,,白山市,白山市若原町地内,若原町地内にあるカキの木にでクマの痕跡,,若原,1.72E+09,5.44E+08,36.38142,136.5991,1,カキ
POINT (136.61272 36.36194),2399,痕跡,R1,2019/10/6,,白山市,白山市釜清水町地内,釜清水町地内（集会所周辺の柿の木）でクマの痕跡,,釜清水,1.72E+09,5.44E+08,36.36194,136.61272,1,カキ
POINT (136.70748 36.50259),2400,痕跡,R1,2019/10/7,,金沢市,金沢市上辰巳町地内,集落付近で糞や柿の木の爪痕を発見,,上辰己,1.72E+09,5.44E+08,36.50259,136.70748,1,カキ
POINT (136.63964 36.33003),2401,痕跡,R1,2019/10/11,,白山市,白山市西佐良町地内,西佐良町地内（柿の木）でクマの痕跡,,西佐良,1.72E+09,5.44E+08,36.33003,136.63964,1,カキ
POINT (136.60242 36.35578),2402,痕跡,R1,2019/10/14,,白山市,白山市別宮出町地内,別宮出町地内（柿の木）でクマの痕跡,,別宮出,1.72E+09,5.44E+08,36.35578,136.60242,1,カキ
POINT (136.63993 36.32256),2403,痕跡,R1,2019/10/15,,白山市,白山市三ツ屋野町地内,三ツ屋野町地内（クリの木）でクマの痕跡（糞）あり,,三ツ屋野,1.72E+09,5.44E+08,36.32256,136.63993,1,クリ
POINT (136.79001 36.69295),2405,痕跡,R1,2019/10/16,,津幡町,津幡町鳥屋尾地内,人家裏の畑で柿の木被害,,鳥屋尾,1.74E+09,5.54E+08,36.69295,136.79001,1,カキ
POINT (136.7028 36.50805),2406,痕跡,R1,2019/10/19,,金沢市,金沢市辰巳町地内,県道付近の畑で柿の木被害、糞を発見,,辰己,1.72E+09,5.44E+08,36.50805,136.7028,1,カキ
POINT (136.68487 36.60356),2407,痕跡,R1,2019/10/22,,金沢市,金沢市法光寺町地内,住宅裏の果樹被害,,法光寺町,1.72E+09,5.44E+08,36.60356,136.68487,1,果樹
POINT (136.6994 36.50909),2408,痕跡,R1,2019/10/22,,金沢市,金沢市辰巳町地内,集落内で柿の木被害,,辰己,1.72E+09,5.44E+08,36.50909,136.6994,1,カキ
POINT (136.69706 36.50993),2409,痕跡,R1,2019/10/22,,金沢市,金沢市辰巳町地内,犀川沿い水淵町方面の道路付近で柿の木被害、糞を発見,,辰己,1.72E+09,5.44E+08,36.50993,136.69706,1,カキ
POINT (136.69916 36.50946),2410,痕跡,R1,2019/10/23,,金沢市,金沢市辰巳町地内,犀川沿いの林内で柿の木被害,,辰己,1.72E+09,5.44E+08,36.50946,136.69916,1,カキ
POINT (136.5892536 36.490671),1974,目撃,R5,R5.12.16,7時00分頃,白山市,行町地内,ごみ集積所に業者が回収時に目撃,1頭,行町,1.72E+09,5.44E+08,36.490671,136.5892536,1,生ゴミ
POINT (137.257336 37.351052),43,目撃,R6,R6.5.28,17時30分頃,能登町,能登町字布浦地内,通称赤崎いちご園の町道で１ｍ程のクマを目撃,1頭,比那,1.75E+09,5.64E+08,37.351052,137.257336,1,
POINT (136.6992222 36.517421),136,目撃,R6,R6.6.29,13時20分頃,金沢市,上辰巳町地内,クマ１頭を目撃,1頭,上中,1.72E+09,5.44E+08,36.517421,136.6992222,1,
POINT (136.496497 36.253511),205,目撃,R6,R6.7.24,10時45分,小松市,大杉町,県道沿いの納屋付近を移動,1頭,大杉本町,1.72E+09,5.44E+08,36.253511,136.496497,1,
POINT (136.54261 36.478369),249,目撃,R6,R6.9.18,12時00分頃,川北町,土室地内,ぶどう園へ逃げ込む子グマ１頭（��246）を目撃,1頭,下土室,1.73E+09,5.44E+08,36.478369,136.54261,1,
POINT (136.6238083 36.3961684),253,目撃,R6,R6.9.24,11時45分頃,白山市,河内町福岡地内,河内町福岡（下福岡）でクマ１頭の目撃,1頭,福岡,1.72E+09,5.44E+08,36.3961684,136.6238083,1,
POINT (136.6338419 36.4024597),257,目撃,R6,R6.9.27,6時30分頃,白山市,河内町口直海地内,河内町口直海地内（口直海乙71付近）で子グマ1頭目撃,1頭,口直海,1.72E+09,5.44E+08,36.4024597,136.6338419,1,
POINT (136.687666 36.5265305),270,目撃,R6,R6.10.3,6時30分,金沢市,大桑町,クマを目撃,-,大道割,1.72E+09,5.44E+08,36.5265305,136.687666,1,
POINT (136.450411 36.330159),278,目撃,R6,R6.10.4,18時15分,小松市,西原町,近所の柿の木のクマを目撃,1頭,西原町,1.72E+09,5.44E+08,36.330159,136.450411,1,
POINT (136.514644 36.413801),279,目撃,R6,R6.10.4,20時40分,小松市,河田町,自動車販売店付近で目撃,1頭,河田谷内,1.72E+09,5.44E+08,36.413801,136.514644,1,
POINT (136.432735 36.336293),280,目撃,R6,R6.10.5,2時45分,小松市,林町,小松ドーム付近の雑木林を移動,1頭,林町,1.72E+09,5.44E+08,36.336293,136.432735,1,
POINT (136.450383 36.33103),285,目撃,R6,R6.10.6,6時00分,小松市,白山田町,ゴミ集積所付近で目撃,1頭,井口町,1.72E+09,5.44E+08,36.33103,136.450383,1,
POINT (136.449583 36.331064),289,目撃,R6,R6.10.6,12時15分,小松市,白山田町,製材所敷地を横断,1頭,井口町,1.72E+09,5.44E+08,36.331064,136.449583,1,
POINT (136.515217 36.41306),292,目撃,R6,R6.10.6,20時28分,小松市,河田町,桜生水付近雑木林を移動,2頭,河田谷内,1.72E+09,5.44E+08,36.41306,136.515217,1,
POINT (136.515319 36.413294),293,目撃,R6,R6.10.7,7時30分,小松市,国府台3丁目,桜生水付近市道を横断,1頭,河田谷内,1.72E+09,5.44E+08,36.413294,136.515319,1,
POINT (136.515421 36.412801),296,目撃,R6,R6.10.7,17時10分,小松市,国府台3丁目,桜生水付近市道を横断,1頭,河田谷内,1.72E+09,5.44E+08,36.412801,136.515421,1,
POINT (136.630032 36.410604),303,目撃,R6,R6.10.10,0時00分頃,白山市,広瀬町地内,広瀬町地内（集落内）でクマ１頭の目撃,1頭,広瀬,1.72E+09,5.44E+08,36.410604,136.630032,1,
POINT (136.411355 36.354947),304,目撃,R6,R6.10.10,0時00分頃,小松市,四丁町,家庭菜園を横断,1頭,四丁町,1.72E+09,5.44E+08,36.354947,136.411355,1,
POINT (136.44926 36.331942),310,目撃,R6,R6.10.10,21時40分,小松市,白山田町,集落内を西方向へ移動,1頭,井口町,1.72E+09,5.44E+08,36.331942,136.44926,1,
POINT (136.3773696 36.2973826),313,目撃,R6,R6.10.11,7時10分頃,加賀市,上野町地内,上野町地内でクマ1頭を目撃,1頭,上野,1.72E+09,5.44E+08,36.2973826,136.3773696,1,
POINT (136.449544 36.332155),327,目撃,R6,R6.10.15,21時30分,小松市,白山田町,町内道路を横断,1頭,井口町,1.72E+09,5.44E+08,36.332155,136.449544,1,
POINT (136.6975556 36.5217864),332,目撃,R6,R6.10.17,17時00分,金沢市,舘町地内,クマを目撃,-,舘町,1.72E+09,5.44E+08,36.5217864,136.6975556,1,
POINT (136.6816931 36.5300054),339,目撃,R6,R6.10.18,17時30分,金沢市,大桑町地内,クマを目撃,-,大桑,1.72E+09,5.44E+08,36.5300054,136.6816931,1,
POINT (136.47607 36.389946),355,目撃,R6,R6.10.22,15時40分,小松市,吉竹町,柿の木の実を食べているクマを目撃,1頭,吉竹町,1.72E+09,5.44E+08,36.389946,136.47607,1,
POINT (136.6164088 36.4836041),361,目撃,R6,R6.10.23,19時55分頃,白山市,坂尻町地内,坂尻町地内（乙剣神社敷地内）でクマ1頭目撃。,1頭,坂尻町,1.72E+09,5.44E+08,36.4836041,136.6164088,1,
POINT (136.6746098 36.5255343),363,目撃,R6,R6.10.24,19時15分,金沢市,大桑町地内,クマを目撃,-,野田町,1.72E+09,5.44E+08,36.5255343,136.6746098,1,
POINT (136.5743841 36.4212518),381,目撃,R6,R6.11.5,2時00分頃,能美市,鍋谷町地内,林道鍋谷金剛寺線入口より約150mほど南東側にある民地内から北側の山林方面へ移動するクマ1頭の目撃,1頭,中組鍋谷,1.72E+09,5.44E+08,36.4212518,136.5743841,1,
POINT (136.782266 36.8059782),385,目撃,R6,R6.11.6,16時30分頃,宝達志水町,上田地内,紋平柿発祥の地周辺,1頭,上田,1.74E+09,5.54E+08,36.8059782,136.782266,1,
POINT (136.6259448 36.3988772),400,目撃,R6,R6.11.14,14時50分頃,白山市,河内町ふじが丘地内,河内町ふじが丘地内（ふじが丘集会所付近）でクマ1頭の目撃。,1頭,福岡,1.72E+09,5.44E+08,36.3988772,136.6259448,1,
POINT (136.6869612 36.5309731),402,目撃,R6,R6.11.16,16時55分,金沢市,涌波1丁目地内,クマを目撃,-,大道割,1.72E+09,5.44E+08,36.5309731,136.6869612,1,
POINT (136.624492 36.396224),406,目撃,R6,R6.11.20,14時10分頃,白山市,河内町福岡地内,河内町福岡地内（集落内イチョウの木）でクマ１頭の目撃,1頭,福岡,1.72E+09,5.44E+08,36.396224,136.624492,1,
POINT (136.624492 36.396224),409,目撃,R6,R6.11.23,7時00分頃,白山市,河内町福岡地内,河内町福岡地内（集落内イチョウの木）でクマ１頭の目撃,1頭,福岡,1.72E+09,5.44E+08,36.396224,136.624492,1,
POINT (136.6050555 36.3819224),416,目撃,R6,R6.12.4,17時00分頃,白山市,下野町地内,下野町地内（下野集会所付近）で子グマ１頭目撃,1頭,下野,1.72E+09,5.44E+08,36.3819224,136.6050555,1,
POINT (137.257336 37.351052),427,痕跡,R6,R6.5.29,,能登町,能登町布浦地内,親子２頭の足跡を確認。;近くにハチクの餌場あり。,,比那,1.75E+09,5.64E+08,37.351052,137.257336,1,
POINT (136.5300278 36.4287778),429,痕跡,R6,R6.6.6,,能美市,和気町地内,星が岡牧場近くの養蜂場で、養蜂箱が倒されて、食害を受けていた。,,下和気,1.72E+09,5.44E+08,36.4287778,136.5300278,1,
POINT (136.5300278 36.4287778),433,痕跡,R6,R6.6.25,,能美市,和気町地内,星が岡牧場近くの養蜂場で、養蜂箱が倒されていた。,,下和気,1.72E+09,5.44E+08,36.4287778,136.5300278,1,
POINT (136.3445395 36.3396162),436,痕跡,R6,R6.8.21,,加賀市,宮地町地内,ミツバチ巣箱の台にクマの爪痕あり。また、巣箱の幼虫の食害あり。(2か所に被害あり。),,宮地,1.72E+09,5.44E+08,36.3396162,136.3445395,1,
POINT (136.4211107 36.2528757),437,痕跡,R6,R6.8.29,,加賀市,山中温泉荒谷町地内,石川県内水面水産センター敷地内で、飼育している魚のエサが散乱した形跡があり、エサの容器ごとなくなっていた。,,荒谷,1.72E+09,5.44E+08,36.2528757,136.4211107,1,
POINT (136.4262786 36.2515618),438,痕跡,R6,R6.9.9,,加賀市,山中温泉荒谷町地内,住宅横の栗の木にクマが上った形跡あり。,,荒谷,1.72E+09,5.44E+08,36.2515618,136.4262786,1,
POINT (136.62814 36.5076149),443,痕跡,R6,R6.10.13,,金沢市,額谷地内,柿の木の被害を確認,,額谷町,1.72E+09,5.44E+08,36.5076149,136.62814,1,
POINT (136.933212 36.99325),447,痕跡,R6,R6.10.16,,中能登町,久乃木地内,畑の中にクマの足跡を確認。（足跡の先には栗の木有）,,久乃木,1.74E+09,5.54E+08,36.99325,136.933212,1,
POINT (136.7875338 36.8586665),448,痕跡,R6,R6.10.16,,宝達志水町,荻谷地内,国道１５９号線沿いの民家裏のカキの木でクマの爪痕や木が折られるなどの痕跡情報,,荻谷,1.74E+09,5.54E+08,36.8586665,136.7875338,1,
POINT (136.6287222 36.5082276),449,痕跡,R6,R6.10.21,,金沢市,額谷町地内,柿の木の被害,,額谷町,1.72E+09,5.44E+08,36.5082276,136.6287222,1,
POINT (136.6309908 36.3451964),451,痕跡,R6,R6.10.29,,白山市,吉野地内,吉野地内（中山理容店付近）で柿の木にクマの爪痕と足跡の痕跡を目撃。,,上吉野,1.72E+09,5.44E+08,36.3451964,136.6309908,1,
POINT (136.7545 36.775482),456,痕跡,R6,R6.11.4,,かほく市,夏栗地内,かほく市夏栗地内大海西山弥生の里内公衆トイレ付近でクマの糞を目撃,,夏栗,1.72E+09,5.54E+08,36.775482,136.7545,1,
