WKT,ID,目撃痕跡種別,出没年,出没日,時刻,市町名,場所,備考,頭数,集落,集落コード,500mメッシュコード,緯度,経度,河川からの出没
POINT (136.5090264 36.4331984),22,目撃,R4,R4.4.24,10時30分頃,能美市,能美市坪野町,美化センター付近の県道を西から東へ横切り、山林に向かう体長1ｍほどのクマ１頭を目撃,1,坪野,1.72E+09,5.44E+08,36.4331984,136.5090264,1
POINT (136.76484 36.66128),43,目撃,R4,R4.5.15,16時50分頃,津幡町,七野地内,津幡川から運動公園側へ行くクマを目撃,1,七野,1.74E+09,5.44E+08,36.66128,136.76484,1
POINT (136.6831639 36.5551841),86,目撃,R4,R4.6.1,20時58分頃,金沢市,旭町2丁目地内,クマ1頭(0.6ｍ程度）を目撃,1,旭町,1.72E+09,5.44E+08,36.5551841,136.6831639,1
POINT (136.6844811 36.5534616),87,目撃,R4,R4.6.2,3時50分頃,金沢市,旭町2丁目地内,クマ1頭（0.6ｍ程度）を目撃,1,旭町,1.72E+09,5.44E+08,36.5534616,136.6844811,1
POINT (136.39535 36.30327),148,目撃,R4,R4.6.28,14時30分頃,加賀市,勅使町地内,勅使町地内で子グマ1頭を目撃,1,勅使,1.72E+09,5.44E+08,36.30327,136.39535,1
POINT (136.6253886 36.446229),185,目撃,R4,R4.7.16,10時20分頃,白山市,鶴来水戸町地内,鶴来水戸町地内（北陸電力鶴来発電所付近）にて、クマと思われる１頭の目撃,1,大国町,1.72E+09,5.44E+08,36.446229,136.6253886,1
POINT (136.6566342 36.561051),202,目撃,R4,R4.8.11,4時30分頃,金沢市,夕日寺町,クマ1頭（1.0ｍ程度）を目撃,1,夕日寺町,1.72E+09,5.44E+08,36.561051,136.6566342,1
POINT (136.3776878 36.3564256),310,目撃,R5,R5.4.24,20時00分頃,加賀市,柴山町地内,柴山交差点付近で子グマ1頭を目撃,1,柴山,1.72E+09,5.44E+08,36.3564256,136.3776878,1
POINT (136.3498494 36.29835132),325,目撃,R5,R5.5.22,2時30分頃,加賀市,保賀町地内,保賀町地内でクマ1頭を目撃,1,保賀,1.72E+09,5.44E+08,36.29835132,136.3498494,1
POINT (136.3151461 36.30519941),343,目撃,R5,R5.6.2,23時10分頃,加賀市,大聖寺荒町地内,大聖寺荒町地内でクマ1頭を目撃,1,菅生,1.72E+09,5.44E+08,36.30519941,136.3151461,1
POINT (136.6270391 36.1890928),357,目撃,R5,R5.6.10,17時00分頃,白山市,白峰地内,白峰地内（白峰スキー競技場桑島リフト付近）親グマ１頭、子グマ２頭の目撃,3,白峰,1.72E+09,5.44E+08,36.1890928,136.6270391,1
POINT (136.4001017 36.31033269),370,目撃,R5,R5.6.21,19時15分頃,加賀市,熊坂町地内,小西水産付近でクマ1頭を目撃,1,熊坂,1.72E+09,5.44E+08,36.31033269,136.4001017,1
POINT (136.4001017 36.31033269),371,目撃,R5,R5.6.21,19時40分頃,加賀市,栄谷町地内,那谷川の土合橋付近で子グマ1頭を目撃,1,栄谷,1.72E+09,5.44E+08,36.31033269,136.4001017,1
POINT (136.3740092 36.29926563),373,目撃,R5,R5.6.23,8時10分頃,加賀市,丸山町地内,丸山町地内でクマ1頭を目撃,1,尾俣,1.72E+09,5.44E+08,36.29926563,136.3740092,1
POINT (136.748619 36.796699),393,目撃,R5,R5.7.10,17時45分頃,宝達志水町,免田地内,クマの成獣とみられる個体;免田駅付近で目撃,1,免田,1.74E+09,5.54E+08,36.796699,136.748619,1
POINT (136.746999 36.797565),394,目撃,R5,R5.7.10,17時50分頃,宝達志水町,免田地内,クマの成獣とみられる個体;免田駅付近で目撃,1,免田,1.74E+09,5.54E+08,36.797565,136.746999,1
POINT (136.3839736 36.29931968),403,目撃,R5,R5.7.19,7時00分頃,加賀市,森町地内,森町地内でクマ1頭を目撃,1,森,1.72E+09,5.44E+08,36.29931968,136.3839736,1
POINT (136.3832681 36.30036376),405,目撃,R5,R5.7.20,19時00分頃,加賀市,森町地内,森町町民会館付近でクマ1頭を目撃,1,森,1.72E+09,5.44E+08,36.30036376,136.3832681,1
POINT (136.383185 36.30843281),414,目撃,R5,R5.7.27,16時30分頃,加賀市,桑原町,桑原大橋付近でクマ1頭を目撃,1,桑原,1.72E+09,5.44E+08,36.30843281,136.383185,1
POINT (136.3180734 36.34616016),442,目撃,R5,R5.9.27,23時40分頃,加賀市,田尻町地内,田尻ビオトープ付近でクマ1頭を目撃,1,田尻,1.72E+09,5.44E+08,36.34616016,136.3180734,1
POINT (136.6028139 36.3719683),447,目撃,R5,R5.9.30,20時30分頃,白山市,上野町地内,上野町地内（上野町イ80）でクマ１頭の目撃,1,上野,1.72E+09,5.44E+08,36.3719683,136.6028139,1
POINT (136.6795278 36.5415833),449,目撃,R5,R5.10.4,3時20分頃,金沢市,三口新町2丁目,体長１．２ｍほどのクマの目撃,1,三口新町,1.72E+09,5.44E+08,36.5415833,136.6795278,1
POINT (136.6282682 36.1706372),451,目撃,R5,R5.10.4,15時00分頃,白山市,白峰地内,白峰地内（白山公園線）にてクマ１頭の目撃,1,白峰,1.72E+09,5.44E+08,36.1706372,136.6282682,1
POINT (136.6222301 36.3559142),460,目撃,R5,R5.10.9,6時30分頃,白山市,吉野地内,吉野地内（味智の郷）でクマ１頭の目撃,1,上吉野,1.72E+09,5.44E+08,36.3559142,136.6222301,1
POINT (136.6210477 36.4512789),473,目撃,R5,R5.10.12,13時20分頃,白山市,鶴来大国町、月橋町,鶴来大国町から月橋町にかけてクマ１頭の目撃,1,月橋町,1.72E+09,5.44E+08,36.4512789,136.6210477,1
POINT (136.3475906 36.28810497),488,目撃,R5,R5.10.18,12時00分頃,加賀市,河南町地内,付近でクマ1頭を目撃,1,河南,1.72E+09,5.44E+08,36.28810497,136.3475906,1
POINT (136.6085627 36.3743519),495,目撃,R5,R5.10.21,17時40分頃,白山市,上野町地内,上野町地内（バードハミング鳥越付近）でクマ１頭の目撃,1,上野,1.72E+09,5.44E+08,36.3743519,136.6085627,1
POINT (136.604204 36.3726023),496,目撃,R5,R5.10.22,6時40分頃,白山市,上野町地内,上野町地内（上野町イ163）でクマ１頭の目撃,1,上野,1.72E+09,5.44E+08,36.3726023,136.604204,1
POINT (136.434444 36.340832),503,目撃,R5,R5.10.25,7時20分頃,小松市,林町,小松ドーム付近の市道を横断するのを目撃,1,林町,1.72E+09,5.44E+08,36.340832,136.434444,1
POINT (136.439023 36.34606),514,目撃,R5,R5.10.27,14時40分,小松市,津波倉町,日用川堤防付近を移動するのを目撃,1,津波倉町,1.72E+09,5.44E+08,36.34606,136.439023,1
POINT (136.3517398 36.28510348),544,目撃,R5,R5.11.12,7時00分頃,加賀市,山代温泉8区地内,ホテル百万石裏の大聖寺川河川敷でクマ1頭を目撃,1,山代温泉,1.72E+09,5.44E+08,36.28510348,136.3517398,1
POINT (136.756695 36.828345),552,目撃,R5,R5.11.21,20時00分頃,宝達志水町,今浜地内,クマの成獣とみられる個体。今浜地内で目撃情報,1,今浜,1.74E+09,5.54E+08,36.828345,136.756695,1
POINT (136.38377 36.29552),567,目撃,R2,R2.5.12,12時10分頃,加賀市,加賀市二ツ屋町地内,在所付近の田に子クマが1頭出没,1,二ツ屋,1.72E+09,5.44E+08,36.29552,136.38377,1
POINT (136.684789 36.543248),630,目撃,R2,R2.6.4,5時17分頃,金沢市,金沢市小立野1丁目地内,クマ1頭を道路付近で目撃,1,上野本町,1.72E+09,5.44E+08,36.543248,136.684789,1
POINT (136.6831524 36.5492186),634,目撃,R2,R2.6.5,13時42分頃,金沢市,金沢市小立野2丁目地内,クマ1頭を道路付近で目撃,1,上野本町,1.72E+09,5.44E+08,36.5492186,136.6831524,1
POINT (136.77498 36.8814),655,目撃,R2,R2.6.15,10時15分頃,羽咋市,羽咋市兵庫町と粟生町の境,国道249号線から海側へ200ｍ付近のヤブの中でクマ１頭を目撃,1,兵庫,1.72E+09,5.54E+08,36.8814,136.77498,1
POINT (136.77598 36.88006),656,目撃,R2,R2.6.15,16時15分頃,羽咋市,羽咋市粟生町地内,粟生町地内の宿泊施設付近から国道249号線を横断するクマ１頭を目撃,1,粟生,1.72E+09,5.54E+08,36.88006,136.77598,1
POINT (136.7025769 36.6279),676,目撃,R2,R2.6.23,6時15分頃,金沢市,金沢市今町地内,クマ1頭が今町インターチェンジ付近から線路方面に移動するのを目撃,1,今町,1.72E+09,5.44E+08,36.6279,136.7025769,1
POINT (136.35735 36.28504),793,目撃,R2,R2.9.16,6時15分頃,加賀市,加賀市山代温泉桔梗が丘,桔梗が丘地内で1頭を目撃,1,山代温泉,1.72E+09,5.44E+08,36.28504,136.35735,1
POINT (136.50589 36.39843),794,目撃,R2,R2.9.16,8時10分頃,小松市,小松市軽海町,加賀産業開発道路、加賀産東稜交差点付近にて、クマ成獣1頭を目撃;パトロール（市職員2名、捕獲隊1名）;周辺を確認し痕跡なし,1,軽海町,1.72E+09,5.44E+08,36.39843,136.50589,1
POINT (136.62327 36.1861),815,目撃,R2,R2.9.21,21時00分頃,白山市,白山市白峰地内,白峰地内にある採石場周辺でクマ１頭を目撃,1,白峰,1.72E+09,5.44E+08,36.1861,136.62327,1
POINT (136.499966 36.396537),825,目撃,R2,R2.9.23,23時30分,小松市,小松市西軽海町,軽海郵便局付近にて、クマ幼獣1頭を目撃;パトロール（市職員2名、捕獲隊1名）;周辺を確認し痕跡なし,1,軽海町,1.72E+09,5.44E+08,36.396537,136.499966,1
POINT (136.39538 36.3021),826,目撃,R2,R2.9.23,23時30分頃,加賀市,加賀市宇谷町,歌に町地内の社員寮付近で1頭を目撃,1,宇谷,1.72E+09,5.44E+08,36.3021,136.39538,1
POINT (136.491099 36.399095),828,目撃,R2,R2.9.24,5時50分,小松市,小松市加賀八幡,八幡神社東側付近にて、クマ成獣1頭を目撃;パトロール（市職員2名、捕獲隊1名）;周辺を確認し痕跡あり,1,八幡,1.72E+09,5.44E+08,36.399095,136.491099,1
POINT (136.3506 36.28579),831,目撃,R2,R2.9.24,6時50分頃,加賀市,加賀市河南町,大堰宮公園付近の川沿いで1頭を目撃,1,河南,1.72E+09,5.44E+08,36.28579,136.3506,1
POINT (136.448836 36.33354),836,目撃,R2,R2.9.25,5時30分,小松市,小松市井口町,県道瀬領・粟津線付近にて、クマ幼獣1頭を目撃;パトロール（市職員1名、捕獲隊1名）;周辺を確認し痕跡なし,1,井口町,1.72E+09,5.44E+08,36.33354,136.448836,1
POINT (136.474998 36.392126),839,目撃,R2,R2.9.26,7時20分,小松市,小松市吉竹町,7時10分頃不動島町地内にて、クマ幼獣1頭を目撃、7時10分頃に若杉町、7時20分頃に吉竹町で引続き目撃;パトロール（市職員5名、捕獲隊2名、警察1台）;周辺を確認し痕跡あり,1,吉竹町,1.72E+09,5.44E+08,36.392126,136.474998,1
POINT (136.395347 36.302059),845,目撃,R2,R2.9.26,23時00分頃,加賀市,加賀市宇谷町,会社の社員寮付近でクマ1頭を目撃,1,宇谷,1.72E+09,5.44E+08,36.302059,136.395347,1
POINT (136.7013782 36.5221161),856,目撃,R2,R2.9.28,22時00分頃,金沢市,金沢市銚子町地内,親グマ1頭、子グマ2頭を道路付近で目撃,3,銚子口,1.72E+09,5.44E+08,36.5221161,136.7013782,1
POINT (136.517974 36.400558),857,目撃,R2,R2.9.29,0時45分頃,小松市,小松市遊泉寺町,主要地方道小松・辰口線川尻橋付近にて、クマ成獣1頭幼獣1頭を目撃;パトロール（市職員1名、捕獲隊2名）;周辺を確認し痕跡あり,2,遊泉寺町,1.72E+09,5.44E+08,36.400558,136.517974,1
POINT (136.513241 36.407874),870,目撃,R2,R2.10.1,6時45分頃,小松市,小松市埴田町,徳橋神社付近にて、クマ成獣1頭幼獣2頭を目撃;パトロール（市職員8名、捕獲隊4名、警察、消防）;周辺を確認し痕跡あり,3,埴田町,1.72E+09,5.44E+08,36.407874,136.513241,1
POINT (136.476591 36.384357),880,目撃,R2,R2.10.3,2時35分頃,小松市,小松市千木野町,千木野町中バス停付近にて、クマ成獣1頭を目撃;パトロール（市職員3名、捕獲隊1名）;周辺を確認し痕跡あり,1,千木野町,1.72E+09,5.44E+08,36.384357,136.476591,1
POINT (136.446968 36.332124),896,目撃,R2,R2.10.5,1時41分頃,小松市,小松市粟津町,主要地方道小松山中線、粟津温泉中交差点付近にて、クマ成獣1頭を目撃;パトロール（市職員2名、捕獲隊1名、消防）;周辺を確認し痕跡なし,1,粟津町,1.72E+09,5.44E+08,36.332124,136.446968,1
POINT (136.5255377 36.4547997),906,目撃,R2,R2.10.6,6時50分頃,能美市,能美市上清水町地内,上清水町ロ59番地の民家敷地（竹やぶ）で、クマ2頭（成獣1頭・幼獣1頭）を目撃,2,上清水,1.72E+09,5.44E+08,36.4547997,136.5255377,1
POINT (136.477252 36.391843),908,目撃,R2,R2.10.6,17時50分頃,小松市,小松市吉竹町,吉竹会館付近にて、クマ成獣1頭を目撃;パトロール（市職員4名、捕獲隊1名）;周辺を確認し痕跡あり,1,吉竹町,1.72E+09,5.44E+08,36.391843,136.477252,1
POINT (136.312795 36.301063),915,目撃,R2,R2.10.7,5時53分頃,加賀市,加賀市熊坂町,大聖寺駅付近でクマ1頭を目撃,1,熊坂,1.72E+09,5.44E+08,36.301063,136.312795,1
POINT (136.477517 36.393111),916,目撃,R2,R2.10.7,6時08分,小松市,小松市吉竹町,吉竹東交差点付近にて、クマ成獣1頭による人身被害が発生;パトロール（市職員10名、捕獲隊6名、警察、消防）;周辺パトロール、注意喚起実施,1,吉竹町,1.72E+09,5.44E+08,36.393111,136.477517,1
POINT (136.6826733 36.5508817),920,目撃,R2,R2.10.7,10時40分頃,金沢市,金沢市小立野2丁目地内,クマ1頭（1.0ｍ程度）が東側の斜面方向へ移動した,,上野本町,1.72E+09,5.44E+08,36.5508817,136.6826733,1
POINT (136.473151 36.382104),925,目撃,R2,R2.10.8,6時25分,小松市,小松市千木野町,主要地方道金沢小松線、本江交差線付近にて、クマ成獣1頭を目撃;パトロール（市職員3名、捕獲隊1名）;周辺を確認し痕跡あり,1,千木野町,1.72E+09,5.44E+08,36.382104,136.473151,1
POINT (136.6915076 36.5314084),940,目撃,R2,R2.10.8,20時20分頃,金沢市,金沢市土清水3丁目地内,親グマ1頭、子グマ2頭を道路付近で目撃,3,土清水町,1.72E+09,5.44E+08,36.5314084,136.6915076,1
POINT (136.5016762 36.4294342),943,目撃,R2,R2.10.9,6時10分頃,能美市,能美市牛島町地内,牛島町の墓苑付近で体長1mほどのクマ1頭を目撃,1,牛島,1.72E+09,5.44E+08,36.4294342,136.5016762,1
POINT (136.44449 36.338886),1002,目撃,R2,R2.10.14,19時00分,小松市,小松市津波倉町,主要地方道小松山中線、津波倉東交差点付近にて、クマ成獣1頭を目撃;パトロール（市職員1名、警察）;周辺を確認し痕跡あり,1,津波倉町,1.72E+09,5.44E+08,36.338886,136.44449,1
POINT (136.434746 36.340032),1011,目撃,R2,R2.10.15,7時00分,小松市,小松市林町,コマツドーム付近にて、クマ成獣1頭を目撃;パトロール（市職員多数、捕獲隊4名、警察、消防）;周辺を確認し痕跡あり,1,林町,1.72E+09,5.44E+08,36.340032,136.434746,1
POINT (136.439023 36.341414),1013,目撃,R2,R2.10.15,9時15分,小松市,小松市林町,林町公民館付近にて、クマ幼獣1頭を目撃;パトロール（市職員2名）;周辺を確認し痕跡なし,1,林町,1.72E+09,5.44E+08,36.341414,136.439023,1
POINT (136.3894662 36.31122941),1049,目撃,R2,R2.10.17,18時10分頃,加賀市,加賀市松山町,竹内印刷付近で1頭を目撃,1,松山,1.72E+09,5.44E+08,36.31122941,136.3894662,1
POINT (136.389838 36.300933),1051,目撃,R2,R2.10.18,0時40分頃,加賀市,加賀市勅使町,勅使町特別養護老人ホームちょくし付近で1頭を目撃,1,勅使,1.72E+09,5.44E+08,36.300933,136.389838,1
POINT (136.632022 36.424014),1052,目撃,R2,R2.10.18,1時00分頃,白山市,白山市白山町地内,白山町地内セブンイレブン鶴来白山町店付近の田でクマ１頭を目撃,1,白山町,1.72E+09,5.44E+08,36.424014,136.632022,1
POINT (136.6313033 36.42573575),1053,目撃,R2,R2.10.18,5時55分頃,白山市,白山市白山町地内,白山町地内にあるゲンキー白山店付近の畑でクマ１頭を目撃,1,白山町,1.72E+09,5.44E+08,36.42573575,136.6313033,1
POINT (136.358051 36.280974),1056,目撃,R2,R2.10.18,19時30分頃,加賀市,加賀市山代温泉,山代温泉地内で1頭を目撃,1,山代温泉,1.72E+09,5.44E+08,36.280974,136.358051,1
POINT (136.389376 36.311147),1058,目撃,R2,R2.10.18,19時55分頃,加賀市,加賀市松山町,松山町地内で1頭を目撃,1,松山,1.72E+09,5.44E+08,36.311147,136.389376,1
POINT (136.510089 36.423444),1060,目撃,R2,R2.10.18,21時00分,小松市,小松市河田町,主要地方道寺畠小松線、河田町北交差点付近にて、クマ幼獣1頭を目撃;パトロール（市職員1人、捕獲隊1名）;周辺を確認し痕跡なし,1,河田館,1.72E+09,5.44E+08,36.423444,136.510089,1
POINT (136.6830282 36.5293306),1061,目撃,R2,R2.10.18,22時15分頃,金沢市,金沢市大桑町地内,クマ1頭（1.0ｍ程度）を車で走行中に目撃。犀川方向に行った。,1,大桑,1.72E+09,5.44E+08,36.5293306,136.6830282,1
POINT (136.3592302 36.30819837),1062,目撃,R2,R2.10.18,22時55分頃,加賀市,加賀市加茂町,加茂神社付近で1頭を目撃,1,加茂,1.72E+09,5.44E+08,36.30819837,136.3592302,1
POINT (136.350049 36.320648),1064,目撃,R2,R2.10.19,5時00分頃,加賀市,加賀市作見町,加賀温泉駅構内地下道付近で1頭を目撃,1,作見,1.72E+09,5.44E+08,36.320648,136.350049,1
POINT (136.6810407 36.5363967),1065,目撃,R2,R2.10.19,6時08分頃,金沢市,金沢市涌波2丁目地内,クマ1頭（成獣）が南小立野小学校西側の道路上にいるのを目撃,1,涌波町,1.72E+09,5.44E+08,36.5363967,136.6810407,1
POINT (136.359344 36.308225),1067,目撃,R2,R2.10.19,7時45分頃,加賀市,加賀市加茂町,加茂神社付近で1頭を目撃,1,加茂,1.72E+09,5.44E+08,36.308225,136.359344,1
POINT (136.352982 36.320472),1068,目撃,R2,R2.10.19,7時50分頃,加賀市,加賀市作見町,アビオシティ加賀で1頭を目撃,1,作見,1.72E+09,5.44E+08,36.320472,136.352982,1
POINT (136.352435 36.284845),1070,目撃,R2,R2.10.19,8時55分頃,加賀市,加賀市山代温泉,加賀百万石ホテル付近で1頭を目撃,1,山代温泉,1.72E+09,5.44E+08,36.284845,136.352435,1
POINT (136.5770389 36.4180121),1074,目撃,R2,R2.10.19,14時20分,能美市,能美市鍋谷町地内,鍋谷町ト190番地の民家でクマ1頭を目撃。その後、鍋谷川の方向へ移動,1,上区鍋谷,1.72E+09,5.44E+08,36.4180121,136.5770389,1
POINT (136.6827199 36.5303298),1078,目撃,R2,R2.10.19,17時40分頃,金沢市,金沢市大桑町地内,クマ1頭（1.0ｍ程度）を道路付近で目撃,1,大桑,1.72E+09,5.44E+08,36.5303298,136.6827199,1
POINT (136.408931 36.33014),1080,目撃,R2,R2.10.19,18時00分,加賀市,加賀市箱宮町,箱宮町区長事務所付近で1頭を目撃,1,箱宮,1.72E+09,5.44E+08,36.33014,136.408931,1
POINT (136.5766852 36.4183197),1083,目撃,R2,R2.10.19,19時10分頃,能美市,能美市鍋谷町地内,鍋谷町公民館からさらに奥へ約1kmの場所にある民家の敷地で、柿の木に登る1頭を目撃,1,上区鍋谷,1.72E+09,5.44E+08,36.4183197,136.5766852,1
POINT (136.389494 36.313245),1086,目撃,R2,R2.10.19,21時00分,加賀市,加賀市松山町,松山町集会場付近で1頭を目撃,1,松山,1.72E+09,5.44E+08,36.313245,136.389494,1
POINT (136.632022 36.438184),1101,目撃,R2,R2.10.21,13時10分頃,白山市,白山市白山町地内,白山町地内にある古宮児童公園の川沿いでクマ１頭を目撃,1,白山町,1.72E+09,5.44E+08,36.438184,136.632022,1
POINT (136.5676618 36.4214416),1103,目撃,R2,R2.10.21,14時47分,能美市,能美市鍋谷町地内,鍋谷町の八幡神社付近の川沿いで、柿の木に登る体長1ｍほどのクマ1頭を目撃。,1,中央鍋谷,1.72E+09,5.44E+08,36.4214416,136.5676618,1
POINT (136.355342 36.286254),1110,目撃,R2,R2.10.21,21時30分頃,加賀市,加賀市山代温泉桔梗が丘周辺,桔梗丘公園付近で1頭を目撃,1,山代温泉,1.72E+09,5.44E+08,36.286254,136.355342,1
POINT (136.3676654 36.2357531),1122,目撃,R2,R2.10.22,20時00分,加賀市,加賀市山中温泉菅谷町,山中温泉セレクトグランド加賀山中付近でクマ1頭を目撃,1,菅谷,1.72E+09,5.44E+08,36.2357531,136.3676654,1
POINT (136.468659 36.402678),1126,目撃,R2,R2.10.23,3時40分,小松市,小松市園町,国道３６０号糸町交差点付近にて、クマ成獣1頭を目撃;パトロール（捕獲隊1名）;周辺を確認し痕跡なし,1,園町,1.72E+09,5.44E+08,36.402678,136.468659,1
POINT (136.6413809 36.32032131),1127,目撃,R2,R2.10.23,6時00分頃,白山市,白山市三ツ屋野町地内,三ツ屋野町地内にある神社で幼獣１頭、柿の木で成獣１頭を目撃,2,三ツ屋野,1.72E+09,5.44E+08,36.32032131,136.6413809,1
POINT (136.450648 36.411484),1139,目撃,R2,R2.10.23,22時13分,小松市,小松市松任町,県道小松・根上線、松任町北交差点付近にて、クマ幼獣1頭を目撃;パトロール（市職員1人、捕獲隊1名、警察2台）;周辺を確認し痕跡あり,1,殿町,1.72E+09,5.44E+08,36.411484,136.450648,1
POINT (136.451742 36.408773),1145,目撃,R2,R2.10.24,12時30分,小松市,小松市新町,新町地内にて、JR北陸線方面へ移動するクマ幼獣1頭を目撃;パトロール（市職員、捕獲隊3名、警察）;周辺を確認し痕跡あり,1,殿町,1.72E+09,5.44E+08,36.408773,136.451742,1
POINT (136.6280329 36.44321196),1146,目撃,R2,R2.10.24,14時50分頃,白山市,白山市鶴来水戸町地内,鶴来水戸町地内でクマ１頭を目撃,1,大国町,1.72E+09,5.44E+08,36.44321196,136.6280329,1
POINT (136.5758894 36.4194664),1149,目撃,R2,R2.10.24,16時15分,能美市,能美市鍋谷町地内,鍋谷町の奥鍋谷バス停付近の柿の木にいる、体長1ｍほどのクマ1頭を目撃,1,上区鍋谷,1.72E+09,5.44E+08,36.4194664,136.5758894,1
POINT (136.633349 36.43544342),1152,目撃,R2,R2.10.24,17時15分頃,白山市,白山市白山町地内,白山町地内にある北陸電力白山発電所周辺でクマ１頭を目撃,1,白山町,1.72E+09,5.44E+08,36.43544342,136.633349,1
POINT (136.3831689 36.2998433),1153,目撃,R2,R2.10.24,18時30分,加賀市,加賀市森町地内,森町町民会館付近でクマ1頭を目撃,1,森,1.72E+09,5.44E+08,36.2998433,136.3831689,1
POINT (136.45117 36.414626),1162,目撃,R2,R2.10.25,20時25分,小松市,小松市大川町一丁目,小松市北部地区体育館付近にて、クマ幼獣1頭を目撃;パトロール（市職員3名、捕獲隊3名、警察、消防）;周辺を確認し痕跡あり,1,園町,1.72E+09,5.44E+08,36.414626,136.45117,1
POINT (136.507714 36.405443),1183,目撃,R2,R2.10.27,14時09分,小松市,小松市荒木田町,主要地方道金沢・小松線（加賀産業開発道路）荒木田大橋付近にて、クマ成獣1頭を目撃;パトロール（市職員2名）;周辺を確認し痕跡なし,1,荒木田町,1.72E+09,5.44E+08,36.405443,136.507714,1
POINT (136.3830195 36.2996704),1207,目撃,R2,R2.10.28,19時30分,加賀市,加賀市森町,一ノ瀬用水付近でクマ１頭を目撃,1,森,1.72E+09,5.44E+08,36.2996704,136.3830195,1
POINT (136.3896514 36.2882205),v,目撃,R2,R2.10.31,6時15分,加賀市,加賀市小坂町,賀市小坂町地内でクマ1頭を目撃,1,小坂,1.72E+09,5.44E+08,36.2882205,136.3896514,1
POINT (136.3895275 36.3133161),1238,目撃,R2,R2.10.31,11時00分,加賀市,加賀市松山町,松山町公民館付近でクマ1頭を目撃,1,松山,1.72E+09,5.44E+08,36.3133161,136.3895275,1
POINT (136.633357 36.435846),1256,目撃,R2,R2.11.1,21時30分頃,白山市,白山市白山町地内,白山町地内でクマ１頭を目撃,1,白山町,1.72E+09,5.44E+08,36.435846,136.633357,1
POINT (136.3896598 36.3114019),1272,目撃,R2,R2.11.3,19時00分,加賀市,加賀市松山町,加賀市松山町地内でクマ1頭を目撃,1,松山,1.72E+09,5.44E+08,36.3114019,136.3896598,1
POINT (136.6328627 36.43749245),1292,目撃,R2,R2.11.5,19時30分頃,白山市,白山市白山町・三宮町地内,白山町地内にある古宮児童公園周辺でクマ１頭目撃;白山町・三宮町地内にある白山比_神社でクマ１頭を目撃,1,白山町,1.72E+09,5.44E+08,36.43749245,136.6328627,1
POINT (136.3882266 36.3011174),1301,目撃,R2,R2.11.6,15時20分,加賀市,加賀市森町,森町東交差点付近でクマ１頭を目撃,1,森,1.72E+09,5.44E+08,36.3011174,136.3882266,1
POINT (136.3891608 36.2909823),1302,目撃,R2,R2.11.6,15時25分,加賀市,加賀市小坂町,(有)治下組付近でクマ１頭を目撃,1,小坂,1.72E+09,5.44E+08,36.2909823,136.3891608,1
POINT (136.451379 36.384084),1316,目撃,R2,R2.11.7,18時40分,小松市,小松市大領町,浅井畷古戦場付近にて、クマ成獣1頭を目撃;パトロール（市職員2名、捕獲隊2名、警察、消防）;周辺を確認し痕跡あり,1,大領町,1.72E+09,5.44E+08,36.384084,136.451379,1
POINT (136.3540176 36.272584),1334,目撃,R2,R2.11.10,20時30分,加賀市,加賀市山中温泉中田町,中田町公民館付近でクマ１頭を目撃,1,中田,1.72E+09,5.44E+08,36.272584,136.3540176,1
POINT (136.415582 36.332148),1352,目撃,R2,R2.11.13,15時15分,小松市,小松市矢田野町,(旧)世界のガラス館付近にて、クマ成獣1頭を目撃;パトロール（市職員8名、捕獲隊、警察、消防）;周辺を確認し痕跡あり,1,矢田野町,1.72E+09,5.44E+08,36.332148,136.415582,1
POINT (136.4159529 36.3317205),1356,目撃,R2,R2.11.13,17時00分,加賀市,加賀市箱宮町,加賀市箱宮町地内でクマ１頭を目撃,1,箱宮,1.72E+09,5.44E+08,36.3317205,136.4159529,1
POINT (136.385072 36.2974176),1362,目撃,R2,R2.11.14,17時00分,加賀市,加賀市二ッ屋町地内,白山神社付近でクマ１頭を目撃,1,二ツ屋,1.72E+09,5.44E+08,36.2974176,136.385072,1
POINT (136.64068 36.328644),1369,目撃,R2,R2.11.15,7時30分頃,白山市,白山市西佐良町地内,西佐良町地内にあるカキの木でクマ１頭を目撃,1,西佐良,1.72E+09,5.44E+08,36.328644,136.64068,1
POINT (136.5225264 36.4297896),1370,目撃,R2,R2.11.15,18時50分頃,能美市,能美市泉台町地内,九谷焼美術館付近で、クマらしきもの1頭を目撃,1,佐野,1.72E+09,5.44E+08,36.4297896,136.5225264,1
POINT (136.6882187 36.5130177),1372,目撃,R2,R2.11.16,9時00分頃,金沢市,金沢市末町地内,クマ2頭（親子）が犀川を横断していた,2,末,1.72E+09,5.44E+08,36.5130177,136.6882187,1
POINT (136.440935 36.339087),1373,目撃,R2,R2.11.16,12時05分,小松市,小松市林町,市道井口林線、国道８号小松バイパス付近にて、クマ成獣1頭を目撃;パトロール（市職員8名、捕獲隊、警察、消防）;周辺を確認し痕跡あり,1,林町,1.72E+09,5.44E+08,36.339087,136.440935,1
POINT (136.438814 36.340774),1382,目撃,R2,R2.11.17,15時14分,小松市,小松市林町,林町公民館付近にて、クマ成獣1頭を目撃;パトロール（市職員10名、捕獲隊3名、警察、消防）;周辺を確認し痕跡あり,1,林町,1.72E+09,5.44E+08,36.340774,136.438814,1
POINT (136.3897202 36.3252977),1385,目撃,R2,R2.11.18,6時25分,加賀市,加賀市動橋町,幸徳園裏でクマ１頭を目撃,1,動橋,1.72E+09,5.44E+08,36.3252977,136.3897202,1
POINT (136.3651866 36.3086196),1393,目撃,R2,R2.11.20,7時20分,加賀市,加賀市加茂町,アウパ加賀付近でクマ１頭を目撃,1,加茂,1.72E+09,5.44E+08,36.3086196,136.3651866,1
POINT (136.6898512 36.5129169),1397,目撃,R2,R2.11.21,18時00分頃,金沢市,金沢市末町地内,クマ1頭（1.2ｍ程度）が犀川に向かった,1,末,1.72E+09,5.44E+08,36.5129169,136.6898512,1
POINT (136.3807977 36.3095457),1402,目撃,R2,R2.11.23,7時20分,加賀市,加賀市二子塚町,(株)江沼精機製作所付近でクマ１頭を目撃,1,二子塚,1.72E+09,5.44E+08,36.3095457,136.3807977,1
POINT (136.3842012 36.2987419),1408,目撃,R2,R2.11.25,15時20分,加賀市,加賀市二ツ屋町,ため池と水田の間の薮付近でクマ１頭を目撃,1,二ツ屋,1.72E+09,5.44E+08,36.2987419,136.3842012,1
POINT (136.758071 36.5815909),1415,目撃,R2,R2.12.1,16時50分頃,金沢市,金沢市北方町地内,クマ1頭（1.2ｍ程度）が川沿いの柿の木に登っているのを目撃,1,北方,1.72E+09,5.44E+08,36.5815909,136.758071,1
POINT (136.3816107 36.3013907),1423,目撃,R2,R2.12.10,15時20分,加賀市,加賀市森町,加賀市森町地内でクマ１頭を目撃,1,森,1.72E+09,5.44E+08,36.3013907,136.3816107,1
POINT (136.3610759 36.3194959),1424,目撃,R2,R2.12.16,9時30分,加賀市,加賀市弓波町,加賀市消防本部付近,1,弓波,1.72E+09,5.44E+08,36.3194959,136.3610759,1
POINT (136.74719 36.66689),1686,目撃,R3,R3.5.1,8時30分頃,津幡町,杉瀬地内,旧国道8号線沿いすしべん近くでクマ１頭を目撃,1,杉瀬,1.74E+09,5.54E+08,36.66689,136.74719,1
POINT (136.74697 36.66686),1707,目撃,R3,R3.5.22,18時30分頃,津幡町,杉瀬地内,旧国道8号線沿いすしべん近くでクマ1頭を目撃,1,杉瀬,1.74E+09,5.54E+08,36.66686,136.74697,1
POINT (136.3927264 36.28512828),1715,目撃,R3,R3.5.25,18時30分頃,加賀市,水田丸町地内,水田丸町地内でクマ1頭を目撃,1,水田丸,1.72E+09,5.44E+08,36.28512828,136.3927264,1
POINT (136.5090264 36.4331984),1720,目撃,R3,R3.5.28,15時05分頃,能美市,能美市坪野町,美化センター出入り口から大口方面へ50mほどの箇所で、県道を横断し、東側の山林へ向かう子熊1頭を目撃,1,坪野,1.72E+09,5.44E+08,36.4331984,136.5090264,1
POINT (136.6480879 36.65258637),1728,目撃,R3,R3.6.4,6時45分頃,内灘町,大学2丁目地内,クマ１頭を目撃,1,大根布,1.74E+09,5.44E+08,36.65258637,136.6480879,1
POINT (136.6828869 36.69536198),1733,目撃,R3,R3.6.6,5時23分頃,内灘町,室地内,車で走行中クマ１頭を目撃,1,室,1.74E+09,5.54E+08,36.69536198,136.6828869,1
POINT (136.68996 36.70176),1734,目撃,R3,R3.6.6,5時50分頃,かほく市,大崎地内,通行人がクマ１頭を目撃,1,大崎,1.72E+09,5.54E+08,36.70176,136.68996,1
POINT (136.706115 36.663474),1738,目撃,R3,R3.6.6,18時50分頃,津幡町,能瀬南から能瀬,目撃後、20分後に能瀬でも目撃,1,能瀬,1.74E+09,5.44E+08,36.663474,136.706115,1
POINT (136.3972834 36.30220975),1775,目撃,R3,R3.6.23,10時45分頃,加賀市,宇谷町地内,宇谷町地内でクマ1頭を目撃,1,宇谷,1.72E+09,5.44E+08,36.30220975,136.3972834,1
POINT (136.5090264 36.4331984),1846,目撃,R3,R3.8.2,14時55分頃,能美市,坪野町,能美市美化センター付近で、県道西側の山林へ入っていく子グマ1頭を目撃,1,坪野,1.72E+09,5.44E+08,36.4331984,136.5090264,1
POINT (136.444766 36.358852),1869,目撃,R3,R3.9.3,18時40分,小松市,木場町,木場潟公園（木場町側）付近にて、クマ成獣1頭を目撃。警察、消防、市職員4名、捕獲隊1名　周辺を確認し痕跡なし,1,木場町,1.72E+09,5.44E+08,36.358852,136.444766,1
POINT (136.6908914 36.5310905),1897,目撃,R3,R3.11.19,6時11分頃,金沢市,土清水３丁目,クマ1頭（1.0ｍ程度）を畑付近で目撃,1,土清水町,1.72E+09,5.44E+08,36.5310905,136.6908914,1
POINT (136.6998899 36.5251265),1901,目撃,R3,R3.11.24,16時30分頃,金沢市,銚子町,小クマ1頭を目撃,1,銚子口,1.72E+09,5.44E+08,36.5251265,136.6998899,1
POINT (136.59375 36.47083333),1942,人身被害,R2,R2.10.16,12時10分頃,白山市,白山市明法島町地内,90歳代男性が顔面を引っかかれて負傷。畑作業中に襲われ顔を引っかかれた。,成獣１頭,明法島町,1.72E+09,5.44E+08,36.47083333,136.59375,1
POINT (136.59375 36.47083333),1943,人身被害,R2,R2.10.16,15時14分頃,白山市,白山市明法島町地内,60歳代女性が負傷。自宅近くで襲われた。,成獣１頭,明法島町,1.72E+09,5.44E+08,36.47083333,136.59375,1
POINT (136.59375 36.47083333),1944,人身被害,R2,R2.10.16,15時45分頃,白山市,白山市明法島町地内,50歳代男性（猟友会員）が中等症を負った。住宅地での捕獲作業中に襲われた。,成獣１頭,明法島町,1.72E+09,5.44E+08,36.47083333,136.59375,1
POINT (136.35625 36.27916667),1946,人身被害,R2,R2.10.17,10時30分頃,加賀市,加賀市山代温泉地内,70歳代女性が中等症を負った。神社付近で襲われ、中等症を負った。,成獣１頭,山代温泉,1.72E+09,5.44E+08,36.27916667,136.35625,1
POINT (136.36875 36.29583333),1947,人身被害,R2,R2.10.17,10時30分頃,加賀市,加賀市山代温泉地内,80歳代女性が、肩、足に中等症を負った。仕事中に車に乗るところを襲われた。,成獣１頭,山代温泉,1.72E+09,5.44E+08,36.29583333,136.36875,1
POINT (136.36875 36.29583333),1948,人身被害,R2,R2.10.17,12時00分頃,加賀市,加賀市山代温泉地内,男性が足に軽傷を負った。住宅地で襲われ軽傷を負った,成獣１頭,山代温泉,1.72E+09,5.44E+08,36.29583333,136.36875,1
POINT (136.35625 36.27916667),1949,人身被害,R2,R2.10.18,19時10分頃,加賀市,加賀市山代温泉地内,70歳代女性が軽傷を負った。住宅地を歩いているとことを襲われた。,成獣１頭,山代温泉,1.72E+09,5.44E+08,36.27916667,136.35625,1
POINT (136.3892371 36.32484106),1972,目撃,R5,R5.12.11,17時30分頃,加賀市,動橋町地内,動橋川河川敷でクマ1頭を目撃,1頭,動橋,1.72E+09,5.44E+08,36.32484106,136.3892371,1
POINT (136.77766 36.90137),2037,目撃,R1,2019/5/29,5時30分頃,羽咋市,羽咋市大川町地内,前日のクマと思われるクマを目撃,1,羽咋,1.72E+09,5.54E+08,36.90137,136.77766,1
POINT (136.79567 36.89191),2041,目撃,R1,2019/5/29,6時30分頃,羽咋市,羽咋市石野町地内,前日のクマと思われるクマを旧牛舎付近で目撃,1,石野町,1.72E+09,5.54E+08,36.89191,136.79567,1
POINT (136.73812 36.79376),2058,目撃,R1,2019/6/2,17時40分頃,かほく市,かほく市二ツ屋地内,大海川橋付近で通行人がクマ１頭を目撃,1,二ツ屋,1.72E+09,5.54E+08,36.79376,136.73812,1
POINT (136.68044 36.58453),2070,目撃,R1,2019/6/7,7時05分頃,金沢市,金沢市小坂町地内,町内でクマ1頭（0.6m程度）を目撃,1,小坂町,1.72E+09,5.44E+08,36.58453,136.68044,1
POINT (136.67457 36.58962),2072,目撃,R1,2019/6/9,5時30分頃,金沢市,金沢市鳴和1丁目地内,ハローワーク金沢付近でクマ1頭（0.6m程度）を目撃,1,鳴和町,1.72E+09,5.44E+08,36.58962,136.67457,1
POINT (136.55394 36.41759),2075,目撃,R1,2019/6/9,15時00分頃,能美市,能美市鍋谷町,【人身事故】鍋谷川付近の用水路で水田の見回り中にクマに襲われ負傷,1,口鍋谷,1.72E+09,5.44E+08,36.41759,136.55394,1
POINT (136.40484 36.31331),2084,目撃,R1,2019/6/12,7時30分頃,小松市,小松市那谷町地内,かが森林組合那谷工場正門前圃場で目撃,1,那谷町,1.72E+09,5.44E+08,36.31331,136.40484,1
POINT (136.69287 36.61396),2098,目撃,R1,2019/6/14,16時05分頃,金沢市,金沢市吉原町地内,いしかわ特別支援学校付近でクマ１頭（小さい）を目撃,1,吉原,1.72E+09,5.44E+08,36.61396,136.69287,1
POINT (136.67392 36.5981),2106,目撃,R1,2019/6/16,6時43分頃,金沢市,金沢市神谷内町・疋田町地内,金腐川沿いを中心にクマ１頭(1.0m程度)の目撃多数,1,神谷内町,1.72E+09,5.44E+08,36.5981,136.67392,1
POINT (136.67202 36.59733),2107,目撃,R1,2019/6/16,6時51分頃,金沢市,金沢市三池栄町地内,ゆいの里前交差点付近でクマ１頭(1.0m程度)を目撃,1,三池町,1.72E+09,5.44E+08,36.59733,136.67202,1
POINT (136.6026 36.37127),2113,目撃,R1,2019/6/18,10時10分頃,白山市,白山市上野町地内,鳥越小学校から鳥越城山につづく農道付近に子グマが歩いているのを目撃,1,上野,1.72E+09,5.44E+08,36.37127,136.6026,1
POINT (136.33738 36.30715),2117,目撃,R1,2019/6/19,17時54分頃,加賀市,加賀市上河崎町地内,上河崎橋交差点付近で目撃,1,上河崎,1.72E+09,5.44E+08,36.30715,136.33738,1
POINT (136.34416 36.30356),2118,目撃,R1,2019/6/20,6時30分頃,加賀市,加賀市上河崎町地内,大聖寺川河川敷で目撃,1,上河崎,1.72E+09,5.44E+08,36.30356,136.34416,1
POINT (136.60375 36.37403),2127,目撃,R1,2019/6/23,20時40分頃,白山市,白山市上野町地内,橋爪組（上野町レ62番地）付近の工事現場を西から東に歩いていたクマ１頭を目撃,1,上野,1.72E+09,5.44E+08,36.37403,136.60375,1
POINT (136.5861 36.42995),2130,目撃,R1,2019/6/25,7時40分頃,能美市,能美市坪野町地内,市道脇にクマ１頭を目撃、坪野神社方向へ向かって逃げた,1,坪野,1.72E+09,5.44E+08,36.42995,136.5861,1
POINT (136.63277 36.54285),2222,目撃,R1,2019/9/21,3時45分頃,金沢市,金沢市久安6丁目地内,伏見川沿いの木を登り、川に向かうクマ１頭（0.8m程度）を目撃,1,久安町,1.72E+09,5.44E+08,36.54285,136.63277,1
POINT (136.60943 36.37494),2237,目撃,R1,2019/9/30,17時50分頃,白山市,白山市上野町地内,上野町地内（雲竜橋周辺）でクマ１頭を目撃,1,上野,1.72E+09,5.44E+08,36.37494,136.60943,1
POINT (136.63429 36.54092),2246,目撃,R1,2019/10/2,7時45分頃,金沢市,金沢市久安6丁目地内,久安新橋近くの伏見川沿いでクマ１頭（大きさ不明）を目撃,1,久安町,1.72E+09,5.44E+08,36.54092,136.63429,1
POINT (136.6252 36.55391),2250,目撃,R1,2019/10/2,15時40分頃,金沢市,金沢市米泉9丁目地内,住宅街路上でクマ１頭（小さい）を目撃,1,米泉町,1.72E+09,5.44E+08,36.55391,136.6252,1
POINT (136.62491 36.39673),2289,目撃,R1,2019/10/19,11時30分頃,白山市,白山市河内町福岡地内,【人身事故】80代女性が畑で農作業中、クマに襲われた。,1,福岡,1.72E+09,5.44E+08,36.39673,136.62491,1
POINT (136.60924 36.37492),2300,目撃,R1,2019/10/21,17時30分頃,白山市,白山市上野町地内,上野町地内でクマ1頭を目撃,1,上野,1.72E+09,5.44E+08,36.37492,136.60924,1
POINT (136.45066 36.38782),2309,目撃,R1,2019/10/28,7時45分頃,小松市,小松市大領町地内,大領町イ58（来来軒付近）〜同町つ76-2（大領排水機場横山代橋川）で目撃,1,大領町,1.72E+09,5.44E+08,36.38782,136.45066,1
POINT (136.45906 36.37287),2319,目撃,R1,2019/11/4,20時25分頃,小松市,小松市三谷町地内,市道今江三谷バイパス線、市道津波倉一針線にて目撃,1,三谷町,1.72E+09,5.44E+08,36.37287,136.45906,1
POINT (136.44811 36.37911),2320,目撃,R1,2019/11/4,20時48分頃,小松市,小松市今江町地内,市道今江三谷バイパス線、市道津波倉一針線にて目撃,1,今江町,1.72E+09,5.44E+08,36.37911,136.44811,1
POINT (136.44608 36.37735),2321,目撃,R1,2019/11/5,5時30分頃,小松市,小松市今江町地内,木場潟園路五朗座橋北側にて目撃,1,今江町,1.72E+09,5.44E+08,36.37735,136.44608,1
POINT (136.672657 36.68535861),1911,痕跡,R3,R3.6.6,,内灘町,西荒屋,クマの足跡を発見,,西荒屋,1.74E+09,5.54E+08,36.68535861,136.672657,1
POINT (136.6684014 36.68333618),1743,目撃,R3,R3.6.7,10時15分頃,内灘町,西荒屋地内,クマ１頭を目撃,1,西荒屋,1.74E+09,5.54E+08,36.68333618,136.6684014,1
POINT (136.6696889 36.6804839),1741,目撃,R3,R3.6.7,7時55分頃,内灘町,西荒屋地内,クマ１頭を目撃,1,西荒屋,1.74E+09,5.54E+08,36.6804839,136.6696889,1
POINT (136.6664208 36.67845808),1910,痕跡,R3,R3.6.6,,内灘町,西荒屋,クマのフンを発見,,西荒屋,1.74E+09,5.54E+08,36.67845808,136.6664208,1
POINT (136.6616744 36.6729978),1912,痕跡,R3,R3.6.7,,内灘町,宮坂地内,クマの足跡を発見,,宮坂,1.74E+09,5.54E+08,36.6729978,136.6616744,1
POINT (136.6729933 36.68575386),1914,痕跡,R3,R3.6.8,,内灘町,西荒屋地内,クマのフン、足跡らしきものを発見,,西荒屋,1.74E+09,5.54E+08,36.68575386,136.6729933,1
POINT (136.6553755 36.66285864),1909,痕跡,R3,R3.6.6,,内灘町,宮坂,クマの足跡を発見,,宮坂,1.74E+09,5.44E+08,36.66285864,136.6553755,1
POINT (136.739772 36.810392),159,目撃,R4,R4.7.2,11時45分頃,宝達志水町,北川尻地内,米出ICから南東約２００ｍの雑木林でクマを目撃。体長１ｍほど,1,北川尻,1.74E+09,5.54E+08,36.810392,136.739772,1
POINT (136.736978 36.8086),396,目撃,R5,R5.7.11,19時30分頃,宝達志水町,北川尻地内,クマの成獣とみられる個体;北川尻地内　海岸付近で目撃,1,北川尻,1.74E+09,5.54E+08,36.8086,136.736978,1
POINT (136.734835 36.804729),395,目撃,R5,R5.7.11,19時00分頃,宝達志水町,北川尻地内,クマの成獣とみられる個体;北川尻地内　海岸付近で目撃,1,北川尻,1.74E+09,5.54E+08,36.804729,136.734835,1
POINT (136.3617798 36.30819316),1670,痕跡,R2,R2.11.22,,加賀市,加賀市加茂町,ヤマダ電機付近で痕跡を確認,,加茂,1.72E+09,5.44E+08,36.30819316,136.3617798,1
POINT (136.6356439 36.4291837),6,目撃,R6,R6.4.15,9時10分頃,白山市,白山町地内,白山町地内（JA大神支店付近）にてクマ１頭の目撃,1頭,白山町,1.72E+09,5.44E+08,36.4291837,136.6356439,1
POINT (136.4906702 36.4097052),9,目撃,R6,R6.4.30,2時26分,小松市,千代町,千代町集落中程の個人宅庭にて遭遇,1頭,千代町,1.72E+09,5.44E+08,36.4097052,136.4906702,1
POINT (136.44911 36.365379),10,目撃,R6,R6.5.2,19時40分,小松市,木場町,木場潟中央園地横カヌー艇庫,1頭,木場町,1.72E+09,5.44E+08,36.365379,136.44911,1
POINT (136.7628152 36.6653466),11,目撃,R6,R6.5.3,9時30分頃,津幡町,竹橋地内,竹橋地内の野球場付近で南の方角へ走っていくクマ1頭（体長1m）を目撃,1頭,竹橋,1.74E+09,5.44E+08,36.6653466,136.7628152,1
POINT (136.741945 36.4961702),13,目撃,R6,R6.5.7,11時30分頃,金沢市,北袋町地内,北袋町地内でクマ１頭を目撃,1頭,北袋,1.72E+09,5.44E+08,36.4961702,136.741945,1
POINT (136.6327173 36.4377005),16,目撃,R6,R6.5.9,19時00分頃,白山市,白山町地内,白山町地内（加賀一ノ宮駅付近）にてクマ１頭の目撃,1頭,白山町,1.72E+09,5.44E+08,36.4377005,136.6327173,1
POINT (136.443659 36.340907),17,目撃,R6,R6.5.10,7時46分,小松市,津波倉町,津波倉東交差点付近にて目撃,1頭,津波倉町,1.72E+09,5.44E+08,36.340907,136.443659,1
POINT (136.365413 36.2647302),19,目撃,R6,R6.5.13,23時00分頃,加賀市,別所町,加賀山中大橋下の大聖寺川河川敷でクマ1頭を目撃,1頭,上原,1.72E+09,5.44E+08,36.2647302,136.365413,1
POINT (136.731294 36.763491),21,目撃,R6,R6.5.15,5時20分頃,かほく市,内高松地内,河北縦断道路アクロス高松口交差点付近で通行人がクマ１頭を目撃,1頭,内高松,1.72E+09,5.54E+08,36.763491,136.731294,1
POINT (136.62387 36.17443),25,目撃,R6,R6.5.19,10時30分頃,白山市,白峰地内,白峰町地内（かんこ大橋付近）にてクマ1頭の目撃,1頭,白峰,1.72E+09,5.44E+08,36.17443,136.62387,1
POINT (136.7063882 36.5495572),29,目撃,R6,R6.5.21,14時50分,金沢市,角間町地内,クマ１頭を目撃,1頭,角間,1.72E+09,5.44E+08,36.5495572,136.7063882,1
POINT (136.7063896 36.5495583),31,目撃,R6,R6.5.22,7時00分,金沢市,角間町地内,クマ１頭を目撃,1頭,角間,1.72E+09,5.44E+08,36.5495583,136.7063896,1
POINT (136.508687 36.39604),32,目撃,R6,R6.5.23,4時22分,小松市,軽海町,中海中学校体育館裏　町道を横断,1頭,軽海町,1.72E+09,5.44E+08,36.39604,136.508687,1
POINT (136.7063873 36.5495638),33,目撃,R6,R6.5.23,17時30分,金沢市,太陽が丘地内,クマ１頭を目撃,1頭,角間,1.72E+09,5.44E+08,36.5495638,136.7063873,1
POINT (136.7074728 36.5219072),36,目撃,R6,R6.5.25,18時00分,金沢市,上中町地内,クマを目撃,-,上中,1.72E+09,5.44E+08,36.5219072,136.7074728,1
POINT (136.752443 36.671216),40,目撃,R6,R6.5.26,18時10分頃,津幡町,津幡町倉見地内,南から北へ川を渡るクマ1頭（体長0.5から0.6m）を目撃,1頭,倉見,1.74E+09,5.54E+08,36.671216,136.752443,1
POINT (136.6230583 36.1764709),44,目撃,R6,R6.5.30,10時00分頃,白山市,白峰地内,白峰地内（白山工房付近）にてクマ１頭の目撃,1頭,白峰,1.72E+09,5.44E+08,36.1764709,136.6230583,1
POINT (136.7026403 36.6159709),47,目撃,R6,R6.5.31,16時30分頃,金沢市,観法寺町地内,クマ１頭を目撃,1頭,岩出,1.72E+09,5.44E+08,36.6159709,136.7026403,1
POINT (136.629525 36.45048),48,目撃,R6,R6.5.31,16時30分頃,白山市,鶴来日詰町地内,鶴来日詰町（金劔宮境内）で子グマ１頭の目撃,1頭,知守町,1.72E+09,5.44E+08,36.45048,136.629525,1
POINT (136.6260745 36.1794744),51,目撃,R6,R6.6.1,14時40分頃,白山市,白峰地内,白峰地内（白峰小学校横の手取川沿い）にてクマ１頭の目撃,1頭,白峰,1.72E+09,5.44E+08,36.1794744,136.6260745,1
POINT (136.447151 36.356107),55,目撃,R6,R6.6.2,22時20分,小松市,木場町,木場町交差点から山側へ移動,1頭,木場町,1.72E+09,5.44E+08,36.356107,136.447151,1
POINT (136.7027348 36.5466402),57,目撃,R6,R6.6.3,18時40分頃,金沢市,角間町地内,クマ１頭を目撃,1頭,角間,1.72E+09,5.44E+08,36.5466402,136.7027348,1
POINT (136.3651983 36.2643234),60,目撃,R6,R6.6.4,19時40分頃,加賀市,山中温泉上原町地内,(有)大島漆器店付近でクマ１頭を目撃,1頭,上原,1.72E+09,5.44E+08,36.2643234,136.3651983,1
POINT (136.991054 37.030625),61,目撃,R6,R6.6.5,13時00分頃,七尾市,万行町地内,希望の丘公園周辺でクマ１頭の目撃,1頭,万行,1.72E+09,5.54E+08,37.030625,136.991054,1
POINT (137.022905 37.050728),64,目撃,R6,R6.6.5,17時40分頃,七尾市,殿町地内,郷橋ふれあいセンター付近でクマ１頭の目撃,1頭,殿,1.72E+09,5.54E+08,37.050728,137.022905,1
POINT (136.438801 36.335875),65,目撃,R6,R6.6.6,13時00分頃,小松市,戸津町,国道８号粟津IC付近の水田横（親子）,2頭,戸津町,1.72E+09,5.44E+08,36.335875,136.438801,1
POINT (136.6285669 36.175487),66,目撃,R6,R6.6.6,13時10分頃,白山市,白峰地内,白峰地内（白峰スキー競技場駐車場）でクマ１頭の目撃,1頭,白峰,1.72E+09,5.44E+08,36.175487,136.6285669,1
POINT (136.6149806 36.3967778),67,目撃,R6,R6.6.6,15時00分頃,白山市,河合町地内,河合町地内（手取キャニオンロード）でクマ１頭の目撃,1頭,河合,1.72E+09,5.44E+08,36.3967778,136.6149806,1
POINT (136.5314853 36.4269658),70,目撃,R6,R6.6.6,19時00分,能美市,"	上八里町",加賀産業道路の上八里交差点付近で和気町から八里台方面へ向かう体長1.0mほどのクマ1頭の目撃。,1頭,下和気,1.72E+09,5.44E+08,36.4269658,136.5314853,1
POINT (136.528615 36.424153),71,目撃,R6,R6.6.6,19時10分,小松市,上八里町,道路上から神社方面の茂みに移動,1頭,上八里町,1.72E+09,5.44E+08,36.424153,136.528615,1
POINT (136.6264635 36.1728128),74,目撃,R6,R6.6.8,10時00分頃,白山市,白峰地内,白峰地内（白峰河川公園手取川沿い）でクマ１頭の目撃,1頭,白峰,1.72E+09,5.44E+08,36.1728128,136.6264635,1
POINT (136.7077215 36.5363081),75,目撃,R6,R6.6.8,14時00分頃,金沢市,田上本町地内,クマ１頭を目撃,1頭,田上本,1.72E+09,5.44E+08,36.5363081,136.7077215,1
POINT (136.6937795 36.5056138),79,目撃,R6,R6.6.9,21時00分頃,金沢市,中戸町地内,クマ１頭を目撃,1頭,天池,1.72E+09,5.44E+08,36.5056138,136.6937795,1
POINT (136.488559 36.358446),82,目撃,R6,R6.6.10,0時30分,小松市,江指町,国道を北から南へクマが横断,1頭,江指町,1.72E+09,5.44E+08,36.358446,136.488559,1
POINT (136.83019 36.890372),84,目撃,R6,R6.6.10,12時00分頃,羽咋市,福水町地内,羽咋市国道４１５号羽咋トンネルの福水側の畑でクマ１目撃,1頭,宇土野,1.72E+09,5.54E+08,36.890372,136.83019,1
POINT (136.439052 36.336055),85,目撃,R6,R6.6.10,18時00分,小松市,戸津町,国道８号粟津IC付近の水田横（親子）,2頭,戸津町,1.72E+09,5.44E+08,36.336055,136.439052,1
POINT (136.8099044 36.8576012),86,目撃,R6,R6.6.10,18時30分〜;19時00分頃,宝達志水町,散田〜新宮地内,宝達志水町地内でクマ1頭を目撃。川を上流に向かって移動し最終的に山に帰っていった。,1頭,散田,1.74E+09,5.54E+08,36.8576012,136.8099044,1
POINT (136.8155049 36.8502869),87,目撃,R6,R6.6.10,18時30分〜;19時00分頃,宝達志水町,散田〜新宮地内,宝達志水町地内でクマ1頭を目撃。川を上流に向かって移動し最終的に山に帰っていった。,1頭,散田,1.74E+09,5.54E+08,36.8502869,136.8155049,1
POINT (136.3276321 36.2797023),91,目撃,R6,R6.6.11,15時30分頃,加賀市,直下町地内,通行人がクマ1頭を目撃,1頭,直下,1.72E+09,5.44E+08,36.2797023,136.3276321,1
POINT (136.444858 36.332519),92,目撃,R6,R6.6.11,17時30分,小松市,戸津町,道路脇より林側に移動,1頭,戸津町,1.72E+09,5.44E+08,36.332519,136.444858,1
POINT (136.6883139 36.5950964),103,目撃,R6,R6.6.14,15時27分,金沢市,神谷内町地内,クマ１頭を目撃,1頭,神谷内町,1.72E+09,5.44E+08,36.5950964,136.6883139,1
POINT (136.3898165 36.2768329),107,目撃,R6,R6.6.16,18時50分頃,加賀市,柏野町地内,柏野町地内でクマ1頭を目撃,1頭,須谷,1.72E+09,5.44E+08,36.2768329,136.3898165,1
POINT (136.3910765 36.3157516),111,目撃,R6,R6.6.17,18時00分頃,加賀市,分校町地内,�潟Gムケーエンジニアリング駐車場でクマ1頭を目撃,1頭,分校,1.72E+09,5.44E+08,36.3157516,136.3910765,1
POINT (136.3277118 36.2796863),115,目撃,R6,R6.6.19,9時10分頃,加賀市,直下町地内,旧加賀市高齢者保健保養センター松風荘付近で子グマ1頭を目撃,1頭,直下,1.72E+09,5.44E+08,36.2796863,136.3277118,1
POINT (136.3376472 36.3057928),117,目撃,R6,R6.6.20,16時30分頃,加賀市,吸坂町地内,南郷小学校前交差点付近でクマ1頭を目撃,1頭,南郷,1.72E+09,5.44E+08,36.3057928,136.3376472,1
POINT (136.812918 36.883421),118,目撃,R6,R6.6.21,7時45分頃,宝達志水町,杉野屋,杉野屋個人宅裏山にて目撃。,1頭,杉野屋,1.74E+09,5.54E+08,36.883421,136.812918,1
POINT (136.504111 36.352573),122,目撃,R6,R6.6.25,6時00分,小松市,金平町,不動橋を渡って東側へ移動,1頭,金平町,1.72E+09,5.44E+08,36.352573,136.504111,1
POINT (136.681786 36.697696),124,目撃,R6,R6.6.25,17時00分頃,かほく市,大崎地内,一般県道高松・内灘線から大崎光宝台へ下る坂の途中付近で通行人がクマらしきもの1頭を目撃,1頭,大崎,1.72E+09,5.54E+08,36.697696,136.681786,1
POINT (136.441532 36.329976),127,目撃,R6,R6.6.26,19時10分,小松市,南陽町,住宅街の外縁部の斜面の藪を移動,2頭,戸津町,1.72E+09,5.44E+08,36.329976,136.441532,1
POINT (136.440197 36.329048),128,目撃,R6,R6.6.27,16時30分,小松市,南陽町,住宅街の外縁部の斜面の藪を上荒屋方面に移動,2頭,戸津町,1.72E+09,5.44E+08,36.329048,136.440197,1
POINT (136.529458 36.29893),130,目撃,R6,R6.6.27,20時30分,小松市,尾小屋町,民家の換気扇フードを破壊し逃走,1頭,尾小屋町,1.72E+09,5.44E+08,36.29893,136.529458,1
POINT (136.3660408 36.2344104),132,目撃,R6,R6.6.28,10時40分頃,加賀市,山中温泉こおろぎ町地内,湯快リゾート 花・彩朝楽の駐車場付近で子グマ１頭を目撃,1頭,山中町,1.72E+09,5.44E+08,36.2344104,136.3660408,1
POINT (136.3692727 36.2840879),133,目撃,R6,R6.6.28,15時00分頃,加賀市,山代温泉大和町地内,ビレッジハウス山代付近でクマ１頭を目撃,1頭,山代温泉,1.72E+09,5.44E+08,36.2840879,136.3692727,1
POINT (136.771638 36.759133),134,目撃,R6,R6.6.29,5時00分頃,かほく市,箕打地内,国道471号、金松工業付近で西から東に走るクマ1頭を目撃,1頭,箕打,1.72E+09,5.54E+08,36.759133,136.771638,1
POINT (136.6232335 36.3477437),139,目撃,R6,R6.6.30,18時20分頃,白山市,下吉谷町地内,下吉谷町地内（下水処理場付近）でクマ1頭の目撃,1頭,下吉谷,1.72E+09,5.44E+08,36.3477437,136.6232335,1
POINT (136.527928 36.306432),140,目撃,R6,R6.7.1,15時25分,小松市,尾小屋町,国道416号付近の神社,1頭,二ツ屋長原,1.72E+09,5.44E+08,36.306432,136.527928,1
POINT (136.7179167 36.5610876),143,目撃,R6,R6.7.1,19時40分頃,金沢市,牧町地内,クマ１頭を目撃,1頭,牧町,1.72E+09,5.44E+08,36.5610876,136.7179167,1
POINT (136.3069445 36.3468442),148,目撃,R6,R6.7.3,14時00分頃,加賀市,橋立町地内,加賀健康グリーンパーク付近でクマ1頭を目撃,1頭,橋立,1.72E+09,5.44E+08,36.3468442,136.3069445,1
POINT (136.447275 36.328206),149,目撃,R6,R6.7.3,16時20分,小松市,粟津町,粟津おっしょべ公園から山側へ移動,2頭,粟津町,1.72E+09,5.44E+08,36.328206,136.447275,1
POINT (136.356424 36.2717524),150,目撃,R6,R6.7.3,19時30分頃,加賀市,山中温泉中田町地内,大聖寺川沿いを移動する親子のクマ2頭を目撃,2頭,中田,1.72E+09,5.44E+08,36.2717524,136.356424,1
POINT (136.3660764 36.2351311),153,目撃,R6,R6.7.4,14時20分頃,加賀市,山中温泉こおろぎ町地内,湯快リゾート 花・彩朝楽の駐車場付近でクマ１頭を目撃,1頭,山中町,1.72E+09,5.44E+08,36.2351311,136.3660764,1
POINT (136.6232335 36.3477437),154,目撃,R6,R6.7.4,18時30分頃,白山市,下吉谷町地内,下吉谷町地内（下水処理場付近）でクマ1頭の目撃,1頭,下吉谷,1.72E+09,5.44E+08,36.3477437,136.6232335,1
POINT (136.3140521 36.2969357),158,目撃,R6,R6.7.5,9時50分頃,加賀市,熊坂町地内,�椛蜩ｯ工業敷地内でクマ1頭を目撃,1頭,熊坂,1.72E+09,5.44E+08,36.2969357,136.3140521,1
POINT (136.3690271 36.2378055),159,目撃,R6,R6.7.5,11時00分頃,加賀市,山中温泉下谷町地内,民家の庭でクマ1頭を目撃,1頭,下谷,1.72E+09,5.44E+08,36.2378055,136.3690271,1
POINT (136.3630487 36.2666939),160,目撃,R6,R6.7.5,18時00分頃,加賀市,山中温泉上原町地内,川北工房付近で親子のクマを目撃,2頭,上原,1.72E+09,5.44E+08,36.2666939,136.3630487,1
POINT (136.50395 36.352502),161,目撃,R6,R6.7.5,21時42分,小松市,金平町,国道416号付近の神社,1頭,金平町,1.72E+09,5.44E+08,36.352502,136.50395,1
POINT (136.366814 36.2341389),164,目撃,R6,R6.7.8,6時00分〜;7時00分頃,加賀市,山中温泉菅谷町地内,旅館 厨八十八付近でクマ1頭を目撃,1頭,菅谷,1.72E+09,5.44E+08,36.2341389,136.366814,1
POINT (136.7035813 36.5395844),175,目撃,R6,R6.7.10,18時50分,金沢市,田上町,クマ１頭を目撃,1頭,田上,1.72E+09,5.44E+08,36.5395844,136.7035813,1
POINT (136.3716828 36.2409706),178,目撃,R6,R6.7.12,17時30分頃,加賀市,山中温泉下谷町地内,山中温泉下谷町地内でクマ1頭を目撃,1頭,下谷,1.72E+09,5.44E+08,36.2409706,136.3716828,1
POINT (136.6597306 36.3581388),180,目撃,R6,R6.7.13,10時20分頃,白山市,河内町下折地内,河内町下折地内（河内建設工事現場プレハブ事務所付近）で親子クマ2頭の目撃,1頭,金間,1.72E+09,5.44E+08,36.3581388,136.6597306,1
POINT (136.772431 36.694662),183,目撃,R6,R6.7.16,18時58分頃,津幡町,吉倉地内,県道興津・刈安線で散歩中の歩行者が吉倉から笠野小方面に上るクマ１頭を目撃,1頭,吉倉,1.74E+09,5.54E+08,36.694662,136.772431,1
POINT (136.2978971 36.2932973),184,目撃,R6,R6.7.16,19時30分頃,加賀市,熊坂町地内,熊坂町地内でクマ1頭を目撃,1頭,熊坂,1.72E+09,5.44E+08,36.2932973,136.2978971,1
POINT (136.779884 36.689323),185,目撃,R6,R6.7.16,19時40分頃,津幡町,蓮花寺地内,県道莇谷・津幡線で県道を走行中の目撃者が笠野小方面から県道を横断し笠野川方面に逃げるクマ１頭を目撃。,1頭,蓮花寺,1.74E+09,5.54E+08,36.689323,136.779884,1
POINT (136.3747076 36.2444197),186,目撃,R6,R6.7.17,13時15分頃,加賀市,山中温泉河鹿町地内,道路上で子グマ1頭を目撃,1頭,山中町,1.72E+09,5.44E+08,36.2444197,136.3747076,1
POINT (136.3754747 36.2480051),187,目撃,R6,R6.7.17,13時15分頃,加賀市,山中温泉東町2丁目地内,白鷺湯たわらや旅館付近でクマ1頭を目撃,1頭,山中町,1.72E+09,5.44E+08,36.2480051,136.3754747,1
POINT (136.375344 36.2507974),188,目撃,R6,R6.7.17,15時50分頃,加賀市,山中温泉東町1丁目地内,山中温泉花紫駐車場で子グマ1頭を目撃,1頭,山中町,1.72E+09,5.44E+08,36.2507974,136.375344,1
POINT (136.3741794 36.2544626),190,目撃,R6,R6.7.18,12時30分頃,加賀市,山中温泉東桂木町地内,山中武道館跡地付近でクマ1頭を目撃,1頭,山中町,1.72E+09,5.44E+08,36.2544626,136.3741794,1
POINT (136.3699533 36.2354728),195,目撃,R6,R6.7.20,13時30分頃,加賀市,山中温泉菅谷町地内,旅館 お祝いの宿月物語付近でクマ1頭を目撃,1頭,菅谷,1.72E+09,5.44E+08,36.2354728,136.3699533,1
POINT (136.430792 36.322341),197,目撃,R6,R6.7.21,11時20分,小松市,上荒屋町,県道を山側から海側に向け横断,1頭,上荒屋町,1.72E+09,5.44E+08,36.322341,136.430792,1
POINT (136.74874 36.66669),198,目撃,R6,R6.7.22,6時13分頃,津幡町,杉瀬イ地内,西から東へ移動するクマ１頭（体長約1m）を目撃,1頭,杉瀬,1.74E+09,5.54E+08,36.66669,136.74874,1
POINT (136.430055 36.308513),200,目撃,R6,R6.7.22,15時22分,小松市,菩提町,県道沿いの墓地付近,4頭,那谷町,1.72E+09,5.44E+08,36.308513,136.430055,1
POINT (136.6022261 36.4678103),201,目撃,R6,R6.7.22,16時50分頃,白山市,上森島町地内,上森島町地内（明島交差点付近）で子クマ1頭の目撃,1頭,上森島町,1.72E+09,5.44E+08,36.4678103,136.6022261,1
POINT (136.5117887 36.5050837),202,目撃,R6,R6.7.23,4時30分頃,白山市,鹿島平地内,鹿島平地内（鹿島平から阿弥陀島町へ向かう農道付近）でクマ1頭の目撃,1頭,阿弥陀島,1.72E+09,5.44E+08,36.5050837,136.5117887,1
POINT (136.496497 36.253511),205,目撃,R6,R6.7.24,10時45分,小松市,大杉町,県道沿いの納屋付近を移動,1頭,大杉本町,1.72E+09,5.44E+08,36.253511,136.496497,1
POINT (136.557194 36.419639),209,目撃,R6,R6.7.24,19時10分頃,能美市,鍋谷町地内,下水処理場から舘町方面の山林へ向かう体長1.0ｍほどのクマ1頭の目撃,1頭,口鍋谷,1.72E+09,5.44E+08,36.419639,136.557194,1
POINT (136.5455044 36.5331485),210,目撃,R6,R6.7.25,12時00分頃,白山市,平木町地内,平木町地内（平木町第１公園付近）でクマ1頭の目撃,1頭,平木,1.72E+09,5.44E+08,36.5331485,136.5455044,1
POINT (136.3583029 36.2647763),211,目撃,R6,R6.7.25,18時40分頃,加賀市,山中温泉長谷田町地内,山中温泉長谷田町会館付近でクマ1頭を目撃,1頭,長谷田,1.72E+09,5.44E+08,36.2647763,136.3583029,1
POINT (136.455427 36.324533),212,目撃,R6,R6.7.28,8時00分,小松市,牧口町,田んぼ側から山側へ移動,1頭,牧口町,1.72E+09,5.44E+08,36.324533,136.455427,1
POINT (136.3757987 36.2502751),214,目撃,R6,R6.7.29,12時55分頃,加賀市,山中温泉東町1丁目地内,山中温泉花紫付近で子グマ1頭を目撃,1頭,山中町,1.72E+09,5.44E+08,36.2502751,136.3757987,1
POINT (136.3766187 36.3572105),216,目撃,R6,R6.8.3,19時00分頃,加賀市,柴山町地内,ホテルアローレ付近で子グマ1頭を目撃,1頭,柴山,1.72E+09,5.44E+08,36.3572105,136.3766187,1
POINT (136.8389888 36.9111286),219,目撃,R6,R6.8.9,4時45分頃,羽咋市,羽咋市本江町地内,羽咋市本江町地内（本江町マ26番地付近）でクマ１頭を目撃,1頭,本江,1.72E+09,5.54E+08,36.9111286,136.8389888,1
POINT (136.7179702 36.50964),220,目撃,R6,R6.8.13,6時30分,金沢市,東荒屋町地内,クマ１頭を目撃,1頭,東荒屋,1.72E+09,5.44E+08,36.50964,136.7179702,1
POINT (136.2882594 36.2815663),221,目撃,R6,R6.8.13,9時05分頃,加賀市,熊坂町地内,熊坂町地内で子グマ1頭を目撃,1頭,熊坂,1.72E+09,5.44E+08,36.2815663,136.2882594,1
POINT (136.5735788 36.4944731),224,目撃,R6,R6.8.17,21時30分頃,白山市,乙丸町地内,乙丸町地内（乙丸町145-6付近）で子グマ2頭の目撃,2頭,乙丸,1.72E+09,5.44E+08,36.4944731,136.5735788,1
POINT (136.3610243 36.3409002),225,目撃,R6,R6.8.16,8時50分頃,加賀市,湖城町地内,湖城町地内でクマ1頭を目撃,1頭,片山津,1.72E+09,5.44E+08,36.3409002,136.3610243,1
POINT (136.3297323 36.3048369),228,目撃,R6,R6.8.21,23時50分頃,加賀市,南郷町地内,村田機械�且ﾐ員用駐車場で子グマ1頭を目撃,1頭,南郷,1.72E+09,5.44E+08,36.3048369,136.3297323,1
POINT (136.7070107 36.5225962),230,目撃,R6,R6.8.23,17時45分,金沢市,上中町地内,クマ１頭を目撃,1頭,上中,1.72E+09,5.44E+08,36.5225962,136.7070107,1
POINT (137.026819 37.068105),231,目撃,R6,R6.8.27,18時５０分頃,七尾市,七尾市湯川町,小山牧場付近でクマ1頭の目撃,1頭,湯川,1.72E+09,5.54E+08,37.068105,137.026819,1
POINT (136.3192221 36.295265),232,目撃,R6,R6.8.27,20時50分頃,加賀市,曽宇町地内,荻野電気工事�兜t近でクマ1頭を目撃,1頭,百々,1.72E+09,5.44E+08,36.295265,136.3192221,1
POINT (136.631766 36.4034654),233,目撃,R6,R6.8.29,0時15分頃,白山市,河内町口直海地内,河内町口直海地内（かわち大橋付近）でクマ１頭の目撃,1頭,口直海,1.72E+09,5.44E+08,36.4034654,136.631766,1
POINT (136.6268 36.19005),237,目撃,R6,R6.9.2,15時30分頃,白山市,桑島地内,桑島地内（白峰スキー競技場付近）でクマ1頭の目撃,1頭,桑島,1.72E+09,5.44E+08,36.19005,136.6268,1
POINT (136.892422 37.048532),238,目撃,R6,R6.9.4,2時頃,七尾市,杉森町,杉森町バス停付近でクマ1頭の目撃,1頭,高田,1.72E+09,5.54E+08,37.048532,136.892422,1
POINT (136.6272575 36.4019496),241,目撃,R6,R6.9.8,9時30分頃,白山市,瀬木野町地内,瀬木野町地内（白山郷斎場敷地内）でクマ1頭の目撃,1頭,瀬木野,1.72E+09,5.44E+08,36.4019496,136.6272575,1
POINT (136.7725512 36.8150686),242,目撃,R6,R6.9.9,18時10分頃,宝達志水町,河原区,河原地内宝達川沿い神明社付近,1頭,河原,1.74E+09,5.54E+08,36.8150686,136.7725512,1
POINT (136.6954946 36.5686005),246,目撃,R6,R6.9.15,8時15分,金沢市,若松町地内,クマを目撃,-,東長江町,1.72E+09,5.44E+08,36.5686005,136.6954946,1
POINT (136.5420305 36.4783866),248,目撃,R6,R6.9.18,11時30分頃,白山市,上安田町地内,上安田町地内（辰巳化学の前の道路）で子グマ1頭の目撃,1頭,上安田,1.72E+09,5.44E+08,36.4783866,136.5420305,1
POINT (136.6780818 36.5304997),252,目撃,R6,R6.9.24,9時15分頃,金沢市,つつじが丘,クマを目撃,-,野田町,1.72E+09,5.44E+08,36.5304997,136.6780818,1
POINT (136.6338419 36.4024597),257,目撃,R6,R6.9.27,6時30分頃,白山市,河内町口直海地内,河内町口直海地内（口直海乙71付近）で子グマ1頭目撃,1頭,口直海,1.72E+09,5.44E+08,36.4024597,136.6338419,1
POINT (136.8121781 36.887152),258,目撃,R6,R6.9.28,5時30分頃,宝達志水町,杉野屋地区,南邑知東部浄化センター付近,1頭,杉野屋,1.74E+09,5.54E+08,36.887152,136.8121781,1
POINT (136.3670875 36.2555147),259,目撃,R6,R6.9.28,20時50分頃,加賀市,山中温泉塚谷町二丁目地内,山中温泉塚谷町二丁目地内でクマ１頭を目撃,1頭,塚谷,1.72E+09,5.44E+08,36.2555147,136.3670875,1
POINT (136.7056031 36.5296839),260,目撃,R6,R6.9.28,21時00分,金沢市,太陽が丘,クマを目撃,-,田上本,1.72E+09,5.44E+08,36.5296839,136.7056031,1
POINT (136.3228209 36.2821382),268,目撃,R6,R6.10.2,13時50分頃,加賀市,直下町地内,直下町地内でクマ１頭を目撃,1頭,直下,1.72E+09,5.44E+08,36.2821382,136.3228209,1
POINT (136.6242911 36.1841044),275,目撃,R6,R6.10.4,11時30分頃,白山市,桑島地内,桑島地内（下村大橋付近）でクマ1頭の目撃。,1頭,白峰,1.72E+09,5.44E+08,36.1841044,136.6242911,1
POINT (136.6115703 36.3871617),276,目撃,R6,R6.10.4,17時30分頃,白山市,河内町江津地内,河内町江津地内（江津橋付近）でクマ3頭目撃,3頭,江津,1.72E+09,5.44E+08,36.3871617,136.6115703,1
POINT (136.3036627 36.2980959),277,目撃,R6,R6.10.4,17時10分頃,加賀市,熊坂町地内,大聖寺実業高校付近でクマ1頭を目撃,1頭,熊坂,1.72E+09,5.44E+08,36.2980959,136.3036627,1
POINT (136.3635922 36.300267),281,目撃,R6,R6.10.5,5時30分頃,加賀市,山代温泉20区地内,山代温泉20区地内でクマ1頭を目撃,1頭,山代新,1.72E+09,5.44E+08,36.300267,136.3635922,1
POINT (136.6124534 36.3862521),282,目撃,R6,R6.10.5,8時00分頃,白山市,河内町江津地内,河内町江津地内（江津トンネル付近）でクマ1頭目撃,1頭,江津,1.72E+09,5.44E+08,36.3862521,136.6124534,1
POINT (136.548281 36.411396),283,目撃,R6,R6.10.5,17時20分頃,能美市,仏大寺町地内,無患子トンネルから南に県道を100メートルの箇所で、県道を北から南へ横断するクマ１頭の目撃,1頭,仏大寺,1.72E+09,5.44E+08,36.411396,136.548281,1
POINT (136.420515 36.341409),284,目撃,R6,R6.10.6,0時12分,小松市,矢田野町,国道305号を海側へ横断,1頭,矢田野町,1.72E+09,5.44E+08,36.341409,136.420515,1
POINT (136.6151858 36.3772056),286,目撃,R6,R6.10.6,7時00分頃,白山市,河内町吉岡地内,河内町吉岡地内（八幡神社付近の国道）でクマ1頭目撃,1頭,吉岡,1.72E+09,5.44E+08,36.3772056,136.6151858,1
POINT (136.71048 36.502666),287,目撃,R6,R6.10.6,9時10分,金沢市,上辰巳町,クマを目撃,-,上辰己,1.72E+09,5.44E+08,36.502666,136.71048,1
POINT (136.3984159 36.3048541),288,目撃,R6,R6.10.6,10時00分頃,加賀市,尾中町地内,尾中町地内でクマ1頭を目撃,1頭,宇谷,1.72E+09,5.44E+08,36.3048541,136.3984159,1
POINT (136.6093499 36.3750278),291,目撃,R6,R6.10.6,16時30分頃,白山市,河内町吉岡地内,河内町吉岡地内（雲龍橋付近）でクマ1頭目撃,1頭,吉岡,1.72E+09,5.44E+08,36.3750278,136.6093499,1
POINT (136.6937785 36.5050899),294,目撃,R6,R6.10.7,12時00分,金沢市,中戸町,クマを目撃,-,天池,1.72E+09,5.44E+08,36.5050899,136.6937785,1
POINT (136.3984159 36.3048541),295,目撃,R6,R6.10.7,17時00分頃,加賀市,宇谷町地内,宇谷町地内の田んぼでクマ1頭を目撃,1頭,宇谷,1.72E+09,5.44E+08,36.3048541,136.3984159,1
POINT (136.354653 36.2741434),297,目撃,R6,R6.10.7,21時20分頃,加賀市,山中温泉中田町地内,山中温泉中田町地内でクマ1頭を目撃,1頭,中田,1.72E+09,5.44E+08,36.2741434,136.354653,1
POINT (136.6503693 36.2858901),300,目撃,R6,R6.10.8,12時00分頃,白山市,瀬戸地内,瀬戸地内（瀬女トンネル付近）で子グマ1頭の目撃,1頭,瀬戸,1.72E+09,5.44E+08,36.2858901,136.6503693,1
POINT (136.6780858 36.5304943),302,目撃,R6,R6.10.9,2時00分,金沢市,つつじが丘,クマを目撃,-,野田町,1.72E+09,5.44E+08,36.5304943,136.6780858,1
POINT (136.359065 36.2998672),305,目撃,R6,R6.10.10,1時10分頃,加賀市,山代温泉北部3丁目地内,山代北口交差点付近でクマ1頭を目撃,1頭,山代温泉,1.72E+09,5.44E+08,36.2998672,136.359065,1
POINT (136.3586393 36.2954791),306,目撃,R6,R6.10.10,7時20分頃,加賀市,山代温泉北部2丁目地内,民家の庭にクマが出没。(猟友会により駆除),1頭,山代温泉,1.72E+09,5.44E+08,36.2954791,136.3586393,1
POINT (136.7317229 36.5500588),307,目撃,R6,R6.10.10,16時10分,金沢市,清水町,クマを目撃,-,戸室新保,1.72E+09,5.44E+08,36.5500588,136.7317229,1
POINT (136.421602 36.298899),309,目撃,R6,R6.10.10,21時10分,小松市,滝ヶ原町,住宅の裏に親子熊を目撃,2頭,滝ケ原町,1.72E+09,5.44E+08,36.298899,136.421602,1
POINT (136.677973 36.53268),311,目撃,R6,R6.10.10,23時50分,金沢市,大桑町,クマを目撃,-,大桑,1.72E+09,5.44E+08,36.53268,136.677973,1
POINT (136.3718282 36.2907208),312,目撃,R6,R6.10.11,5時30分頃,加賀市,山代温泉桜町1丁目地内,山代温泉桜町1丁目地内でクマ1頭を目撃,1頭,尾俣,1.72E+09,5.44E+08,36.2907208,136.3718282,1
POINT (136.631012 36.344339),315,目撃,R6,R6.10.11,17時35分頃,白山市,吉野、下吉谷町地内,吉野・下吉谷町の間（不老橋）でクマ１頭の目撃,1頭,下吉谷,1.72E+09,5.44E+08,36.344339,136.631012,1
POINT (136.3561032 36.2703178),317,目撃,R6,R6.10.11,20時40分頃,加賀市,山中温泉中田町地内,幼獣1頭を目撃,1頭,中田,1.72E+09,5.44E+08,36.2703178,136.3561032,1
POINT (136.45051 36.331158),318,目撃,R6,R6.10.12,12時00分,小松市,白山田町,ゴミ集積場で目撃、西原町方面（南西）へ移動,1頭,井口町,1.72E+09,5.44E+08,36.331158,136.45051,1
POINT (136.822425 36.896964),320,目撃,R6,R6.10.12,20時間33分頃,羽咋市,羽咋市飯山町地内,羽咋市飯山町地内（邑知タクシー付近）でクマ１頭を目撃,1頭,宇土野,1.72E+09,5.54E+08,36.896964,136.822425,1
POINT (136.726971 36.723955),323,目撃,R6,R6.10.15,6時00分頃,かほく市,気屋地内,河北縦断道路うのけ総合公園前交差点付近の田畑で、道路を横断し北へ向かうクマ1頭を目撃,1頭,気屋,1.72E+09,5.54E+08,36.723955,136.726971,1
POINT (136.3201503 36.2826133),328,目撃,R6,R6.10.16,8時25分頃,加賀市,曽宇町地内,クマ1頭を目撃,1頭,曽宇,1.72E+09,5.44E+08,36.2826133,136.3201503,1
POINT (136.7039113 36.539703),330,目撃,R6,R6.10.16,20時00分,金沢市,田上町地内,クマを目撃,-,田上,1.72E+09,5.44E+08,36.539703,136.7039113,1
POINT (136.6183394 36.3993658),331,目撃,R6,R6.10.17,16時45分頃,白山市,河合町地内,河合町地内(県道44号線服部バス停付近)でクマ1頭の目撃。,1頭,河合,1.72E+09,5.44E+08,36.3993658,136.6183394,1
POINT (136.8294922 36.8946081),333,目撃,R6,R6.10.17,１９時50分頃,羽咋市,羽咋市白瀬町地内,羽咋市白瀬町地内（宇土野橋付近）でクマ１頭を目撃,1頭,白瀬,1.72E+09,5.54E+08,36.8946081,136.8294922,1
POINT (136.3236162 36.2984942),334,目撃,R6,R6.10.17,20時00分頃,加賀市,南郷町地内,竹村動物病院付近でクマ1頭を目撃,1頭,南郷,1.72E+09,5.44E+08,36.2984942,136.3236162,1
POINT (136.723662 36.761553),335,目撃,R6,R6.10.17,20時15分頃,かほく市,高松地内,かほく市高松マ番地（南新町）の住宅地付近の畑で北東へ向かうクマ1頭を目撃,1頭,南新町,1.72E+09,5.54E+08,36.761553,136.723662,1
POINT (136.2991389 36.2962929),336,目撃,R6,R6.10.17,21時10分頃,加賀市,熊坂町地内,パナソニックインダストリー�兜t近で親子のクマを目撃。,2頭,熊坂,1.72E+09,5.44E+08,36.2962929,136.2991389,1
POINT (136.430935 36.322376),343,目撃,R6,R6.10.19,7時25分,小松市,上荒屋町,県道を横断して那谷方面へ移動,1頭,上荒屋町,1.72E+09,5.44E+08,36.322376,136.430935,1
POINT (136.5351163 36.5296389),345,目撃,R6,R6.10.19,20時00分頃,白山市,千代野西七丁目地内,千代野西七丁目地内（県道185号線近く用水付近）で子グマ1頭の目撃。,1頭,徳光,1.72E+09,5.44E+08,36.5296389,136.5351163,1
POINT (136.5407361 36.5188533),346,目撃,R6,R6.10.20,16時30分頃,白山市,千代野南一丁目地内,千代野南一丁目地内（県道104号線近く用水付近）で子グマ1頭の目撃。,1頭,北安田,1.72E+09,5.44E+08,36.5188533,136.5407361,1
POINT (136.6312852 36.4208691),347,目撃,R6,R6.10.20,19時35分頃,白山市,白山町地内,白山町地内(国道157号線上南白山町1号公園付近）でクマ1頭目撃。,1頭,白山町,1.72E+09,5.44E+08,36.4208691,136.6312852,1
POINT (136.446545 36.32817),348,目撃,R6,R6.10.21,14時00分,小松市,粟津町,旅館駐車場から西側の山へ移動,1頭,粟津町,1.72E+09,5.44E+08,36.32817,136.446545,1
POINT (136.5559413 36.4676112),349,目撃,R6,R6.10.21,22時00分頃,川北町,山田先出地内,鶴来方面から美川方面へ運転している際に、道路を横断し手取川方面へ移動するクマを目撃したと通報があった。,1頭,上先出,1.73E+09,5.44E+08,36.4676112,136.5559413,1
POINT (136.5402104 36.5205089),350,目撃,R6,R6.10.21,22時35分頃,白山市,千代野東二丁目地内,千代野東二丁目地内（伊丹産業千代野営業所付近）で子グマらしき黒い物体を目撃。,1頭,北安田,1.72E+09,5.44E+08,36.5205089,136.5402104,1
POINT (136.455187 36.396161),351,目撃,R6,R6.10.22,4時50分,小松市,幸町,国道305号を山側へ横断,1頭,土居原町,1.72E+09,5.44E+08,36.396161,136.455187,1
POINT (136.629667 36.436722),353,目撃,R6,R6.10.22,15時20分頃,能美市,和佐谷町地内,道の駅しらやまさん前の国道を山林方面へ向かう体長1mほどのクマ1頭の目撃,1頭,和佐谷,1.72E+09,5.44E+08,36.436722,136.629667,1
POINT (136.919802 36.965025),354,目撃,R6,R6.10.22,15時30分頃,中能登町,中能登町芹川地内,中能登町芹川地内鹿島小学校付近で体長80ほどのクマらしき動物１頭を目撃,1頭,芹川,1.74E+09,5.54E+08,36.965025,136.919802,1
POINT (136.457193 36.379503),357,目撃,R6,R6.10.22,17時15分,小松市,南浅井町,市道山代橋川線で目撃,1頭,蓮代寺町,1.72E+09,5.44E+08,36.379503,136.457193,1
POINT (136.506261 36.39983),358,目撃,R6,R6.10.22,18時20分,小松市,軽海町,加賀産業道路を東から西へ横断,1頭,軽海町,1.72E+09,5.44E+08,36.39983,136.506261,1
POINT (136.5431511 36.5191249),359,目撃,R6,R6.10.22,21時00分頃,白山市,千代野東二丁目地内,千代野東二丁目地内（給水施設敷地内）でクマらしき動物を目撃。,1頭,北安田,1.72E+09,5.44E+08,36.5191249,136.5431511,1
POINT (136.456179 36.387368),360,目撃,R6,R6.10.23,17時49分,小松市,扇町,石橋川沿いを移動,1頭,北浅井町,1.72E+09,5.44E+08,36.387368,136.456179,1
POINT (136.5061559 36.4338296),362,目撃,R6,R6.10.24,4時15分頃,能美市,末信町地内,末信交差点付近で、湯谷方面へ移動する体長1mほどのクマ1頭の目撃,1頭,石子,1.72E+09,5.44E+08,36.4338296,136.5061559,1
POINT (136.3185282 36.3138228),367,目撃,R6,R6.10.25,1時50分頃,加賀市,大聖寺岡町地内,大聖寺岡町地内でクマ1頭を目撃,1頭,岡,1.72E+09,5.44E+08,36.3138228,136.3185282,1
POINT (136.397543 36.351154),369,目撃,R6,R6.10.25,6時00分,小松市,月津町,市道沿いを西側へ移動,1頭,月津町,1.72E+09,5.44E+08,36.351154,136.397543,1
POINT (136.6581588 36.3184415),373,目撃,R6,R6.10.26,17時10分頃,白山市,瀬波地内,瀬波地内（瀬波カフェ付近）でクマ1頭の目撃。,1頭,瀬波,1.72E+09,5.44E+08,36.3184415,136.6581588,1
POINT (136.5870722 36.4646915),376,目撃,R6,R6.10.30,23時00分頃,川北町,中島地内,ランニング中の方がクマ1頭を目撃した。,1頭,中島,1.73E+09,5.44E+08,36.4646915,136.5870722,1
POINT (136.744988 36.7993959),377,目撃,R6,R6.10.31,18時50分頃,宝達志水町,北川尻地内,北川尻レ３１付近,1頭,北川尻,1.74E+09,5.54E+08,36.7993959,136.744988,1
POINT (136.6479703 36.3169473),378,目撃,R6,R6.11.1,8時00分頃,白山市,市原地内,市原地内（籾乾燥場付近）でクマ１頭の目撃,1頭,市原,1.72E+09,5.44E+08,36.3169473,136.6479703,1
POINT (136.42328 36.31316),379,目撃,R6,R6.11.2,22時30分,小松市,那谷町,那谷保育所付近の交差点を横断,1頭,那谷町,1.72E+09,5.44E+08,36.31316,136.42328,1
POINT (136.3672203 36.3305682),380,目撃,R6,R6.11.4,22時15分頃,加賀市,冨塚町地内,北陸電力送配電�兜ﾐ山津変電所付近でクマ1頭を目撃,1頭,冨塚,1.72E+09,5.44E+08,36.3305682,136.3672203,1
POINT (136.397391 36.351829),382,目撃,R6,R6.11.5,18時50分,小松市,月津町,県道を横断,1頭,月津町,1.72E+09,5.44E+08,36.351829,136.397391,1
POINT (136.3722554 36.2523934),383,目撃,R6,R6.11.5,20時00分頃,加賀市,山中温泉上野町地内,山中温泉上野町地内でクマ1頭を目撃,1頭,山中町,1.72E+09,5.44E+08,36.2523934,136.3722554,1
POINT (136.6329699 36.4041335),384,目撃,R6,R6.11.6,6時50分頃,白山市,河内町口直海地内,河内町口直海地内（口直海バス停付近）でクマ1頭の目撃,1頭,口直海,1.72E+09,5.44E+08,36.4041335,136.6329699,1
POINT (136.6329699 36.4041335),386,目撃,R6,R6.11.6,8時00分頃,白山市,河内町口直海地内,河内町口直海地内（口直海バス停付近）でクマ1頭の目撃,1頭,口直海,1.72E+09,5.44E+08,36.4041335,136.6329699,1
POINT (136.6591736 36.3180233),387,目撃,R6,R6.11.6,17時00分頃,白山市,瀬波地内,瀬波地内（瀬波カフェ付近）でクマ１頭の目撃,1頭,瀬波,1.72E+09,5.44E+08,36.3180233,136.6591736,1
POINT (136.6287157 36.4506214),388,目撃,R6,R6.11.7,21時30分頃,白山市,鶴来日詰町地内,鶴来日詰町地内（金劔宮付近）でクマ１頭の目撃,1頭,知守町,1.72E+09,5.44E+08,36.4506214,136.6287157,1
POINT (136.6425753 36.319812),389,目撃,R6,R6.11.9,6時00分頃,白山市,三ツ屋野町地内,三ツ屋野町地内（�竃x建設付近）でクマ１頭の目撃,1頭,三ツ屋野,1.72E+09,5.44E+08,36.319812,136.6425753,1
POINT (136.4772454 36.4020315),390,目撃,R6,R6.11.10,9時30分,小松市,白江町,住宅街に居座り,1頭,白江町,1.72E+09,5.44E+08,36.4020315,136.4772454,1
POINT (136.6224993 36.4501435),391,目撃,R6,R6.11.11,6時10分頃,白山市,鶴来大国町地内,鶴来大国町地内（服部公園付近）でクマ１頭の目撃,1頭,大国町,1.72E+09,5.44E+08,36.4501435,136.6224993,1
POINT (136.6323311 36.4010169),394,目撃,R6,R6.11.11,16時20分頃,白山市,河内町口直海地内,河内町口直海地内（河内小学校付近）でクマ１頭の目撃,1頭,口直海,1.72E+09,5.44E+08,36.4010169,136.6323311,1
POINT (136.6104282 36.387369),397,目撃,R6,R6.11.12,16時00分頃,白山市,河合町地内,河合町地内（江津橋付近）でクマ1頭の目撃。,1頭,河合,1.72E+09,5.44E+08,36.387369,136.6104282,1
POINT (136.6287268 36.4141479),399,目撃,R6,R6.11.13,18時20分頃,白山市,広瀬町地内,広瀬町地内（県道44号線）でクマ1頭の目撃。,1頭,広瀬,1.72E+09,5.44E+08,36.4141479,136.6287268,1
POINT (136.622694 36.448361),401,目撃,R6,R6.11.16,10時10分頃,白山市,鶴来水戸町地内,鶴来水戸町地内の畑でクマ１頭の目撃,1頭,大国町,1.72E+09,5.44E+08,36.448361,136.622694,1
POINT (136.637417 36.437056),403,目撃,R6,R6.11.17,8時00分頃,白山市,八幡町地内,八幡町地内（比�盗_社付近）でクマ１頭の目撃,1頭,八幡町,1.72E+09,5.44E+08,36.437056,136.637417,1
POINT (136.3020647 36.3127889),404,目撃,R6,R6.11.19,17時00分頃,加賀市,大聖寺下福田町地内,大聖寺下福田町地内でクマ1頭を目撃,1頭,下福田,1.72E+09,5.44E+08,36.3127889,136.3020647,1
POINT (136.640989 36.307651),405,目撃,R6,R6.11.20,7時30分頃,白山市,河原山町地内,河原山町地内（手取川沿い）でクマ１頭の目撃,1頭,河原山,1.72E+09,5.44E+08,36.307651,136.640989,1
POINT (136.624492 36.396224),406,目撃,R6,R6.11.20,14時10分頃,白山市,河内町福岡地内,河内町福岡地内（集落内イチョウの木）でクマ１頭の目撃,1頭,福岡,1.72E+09,5.44E+08,36.396224,136.624492,1
POINT (136.631012 36.344339),407,目撃,R6,R6.11.21,10時30分頃,白山市,吉野、下吉谷町地内,吉野、下吉谷町の間（不老橋付近）でクマ1頭の目撃,1頭,下吉谷,1.72E+09,5.44E+08,36.344339,136.631012,1
POINT (136.6353054 36.4292389),408,目撃,R6,R6.11.22,17時00分頃,白山市,白山町地内,白山町地内（JA大神支店付近）でクマ１頭目撃,1頭,白山町,1.72E+09,5.44E+08,36.4292389,136.6353054,1
POINT (136.624492 36.396224),409,目撃,R6,R6.11.23,7時00分頃,白山市,河内町福岡地内,河内町福岡地内（集落内イチョウの木）でクマ１頭の目撃,1頭,福岡,1.72E+09,5.44E+08,36.396224,136.624492,1
POINT (136.6892783 36.5121428),410,目撃,R6,R6.11.28,16時05分,金沢市,天池町地内,クマを目撃,-,中戸,1.72E+09,5.44E+08,36.5121428,136.6892783,1
POINT (136.3673088 36.2931945),412,目撃,R6,R6.11.29,16時00分頃,加賀市,山代温泉地内,市営山代住宅B棟付近でクマ1頭を目撃,1頭,山代温泉,1.72E+09,5.44E+08,36.2931945,136.3673088,1
POINT (136.7086402 36.5194482),413,目撃,R6,R6.12.1,6時50分,金沢市,袋板屋町地内,クマを目撃,-,浅川,1.72E+09,5.44E+08,36.5194482,136.7086402,1
POINT (136.3563342 36.2704501),414,目撃,R6,R6.12.1,7時35分頃,加賀市,山中温泉中田町,河南小学校付近でクマ1頭を目撃,1頭,中田,1.72E+09,5.44E+08,36.2704501,136.3563342,1
POINT (136.6028154 36.3575901),421,痕跡,R6,R6.1.12,,白山市,別宮町地内（集落内）,足跡,,別宮,1.72E+09,5.44E+08,36.3575901,136.6028154,1
POINT (136.3167028 36.2993735),423,痕跡,R6,R6.5.15,,加賀市,細坪町地内,大同工業�鰍ﾌ敷地内にクマの糞あり。,,細坪,1.72E+09,5.44E+08,36.2993735,136.3167028,1
POINT (136.3948919 36.2692285),426,痕跡,R6,R6.5.27,,加賀市,塔尾町地内,住宅横の小屋のトタンが壊され、保管してあった米の袋も破られ、荒らされた形跡あり。トタンや板が刺さったと思われる血痕もあり。,,塔尾,1.72E+09,5.44E+08,36.2692285,136.3948919,1
POINT (136.2973257 36.3109184),428,痕跡,R6,R6.5.30,,加賀市,大聖寺下福田町地内,畑にクマの足跡あり。,,下福田,1.72E+09,5.44E+08,36.3109184,136.2973257,1
POINT (136.4076805 36.3300971),431,痕跡,R6,R6.6.10,,加賀市,箱宮町地内,住宅裏の畑にクマの足跡あり。,,箱宮,1.72E+09,5.44E+08,36.3300971,136.4076805,1
POINT (136.7318236 36.5694557),432,痕跡,R6,R6.6.14,,金沢市,釣部町地内,糞を確認,,釣部町,1.72E+09,5.44E+08,36.5694557,136.7318236,1
POINT (136.346441 36.3204021),434,痕跡,R6,R6.7.2,,加賀市,小菅波町地内,子安神社の建物にクマの引っ?いた跡や、建物の木材がはがされ、荒らされた形跡があり。,,小菅波,1.72E+09,5.44E+08,36.3204021,136.346441,1
POINT (136.4211107 36.2528757),437,痕跡,R6,R6.8.29,,加賀市,山中温泉荒谷町地内,石川県内水面水産センター敷地内で、飼育している魚のエサが散乱した形跡があり、エサの容器ごとなくなっていた。,,荒谷,1.72E+09,5.44E+08,36.2528757,136.4211107,1
POINT (136.4262786 36.2515618),438,痕跡,R6,R6.9.9,,加賀市,山中温泉荒谷町地内,住宅横の栗の木にクマが上った形跡あり。,,荒谷,1.72E+09,5.44E+08,36.2515618,136.4262786,1
POINT (136.729458 36.745725),440,痕跡,R6,R6.10.6,,かほく市,笠島地内,笠島公民館近くの山際の畑でクマ１頭の足跡を確認,,笠島,1.72E+09,5.54E+08,36.745725,136.729458,1
POINT (136.391423 36.2842191),441,痕跡,R6,R6.10.9,,加賀市,水田丸町地内,東谷口地区会館敷地内にクマの糞あり。,,水田丸,1.72E+09,5.44E+08,36.2842191,136.391423,1
POINT (136.3526353 36.3517033),444,痕跡,R6,R6.10.14,,加賀市,篠原町地内,片山津中学校近くの水田にクマの糞あり。,,篠原,1.72E+09,5.44E+08,36.3517033,136.3526353,1
POINT (136.5247295 36.4687416),446,痕跡,R6,R6.10.15,,川北町,舟場島地内,子熊の糞を確認,,舟場島,1.73E+09,5.44E+08,36.4687416,136.5247295,1
POINT (136.6287222 36.5082276),449,痕跡,R6,R6.10.21,,金沢市,額谷町地内,柿の木の被害,,額谷町,1.72E+09,5.44E+08,36.5082276,136.6287222,1
POINT (136.6309908 36.3451964),451,痕跡,R6,R6.10.29,,白山市,吉野地内,吉野地内（中山理容店付近）で柿の木にクマの爪痕と足跡の痕跡を目撃。,,上吉野,1.72E+09,5.44E+08,36.3451964,136.6309908,1
POINT (136.6810846 36.5917527),452,痕跡,R6,R6.10.29,,金沢市,小坂町地内,痕跡あり,,小坂町,1.72E+09,5.44E+08,36.5917527,136.6810846,1
POINT (136.6828578 36.5944519),457,痕跡,R6,R6.11.13,,金沢市,小坂町地内,痕跡あり,,小坂町,1.72E+09,5.44E+08,36.5944519,136.6828578,1
